Instrument,Option Type,Strike Price,Expiration Date,Last Price (USD),Bid Price (USD),Ask Price (USD),Bid IV,Ask IV,Delta,Gamma,Theta,Vega,open_interest,total traded volume,monetary volume
BTC-6MAY25-86000-C,call,86000.0,2025-05-06,0.0,5637.9225,11654.865,0.8,457.5,0.99969,0.0,-1.51598,0.04122,0.0,0.0,0.0
BTC-6MAY25-86000-P,put,86000.0,2025-05-06,9.4755,0.0,9.4755,0.8,104.0,-0.00031,0.0,-0.21202,0.04122,26.1,21.6,214.71
BTC-6MAY25-88000-C,call,88000.0,2025-05-06,0.0,4311.3525,9759.765,0.8,411.22,0.99851,0.0,-5.74543,0.17757,0.0,0.0,0.0
BTC-6MAY25-88000-P,put,88000.0,2025-05-06,9.4755,0.0,9.4755,0.8,81.88,-0.00149,0.0,-1.01409,0.17757,54.8,58.8,573.85
BTC-6MAY25-90000-C,call,90000.0,2025-05-06,0.0,3221.67,7817.2875,0.8,359.12,0.99199,1e-05,-22.24599,0.80173,0.0,0.0,0.0
BTC-6MAY25-90000-P,put,90000.0,2025-05-06,9.4755,0.0,18.951,0.8,65.91,-0.00801,1e-05,-5.41201,0.80173,43.2,48.3,1164.62
BTC-6MAY25-91000-C,call,91000.0,2025-05-06,0.0,1989.855,6917.115,0.8,337.33,0.98022,3e-05,-44.68204,1.75306,0.0,0.0,0.0
BTC-6MAY25-91000-P,put,91000.0,2025-05-06,28.426499999999997,0.0,18.951,0.8,53.71,-0.01978,3e-05,-13.6017,1.75306,24.5,32.5,1486.39
BTC-6MAY25-92000-C,call,92000.0,2025-05-06,0.0,1752.9675,4027.0875,0.8,167.98,0.96813,5e-05,-53.87643,2.61429,0.0,0.0,0.0
BTC-6MAY25-92000-P,put,92000.0,2025-05-06,18.951,9.4755,28.426499999999997,36.86,44.44,-0.03187,5e-05,-18.85553,2.61429,211.3,252.6,25915.14
BTC-6MAY25-92500-C,call,92500.0,2025-05-06,2416.2525,1137.06,5401.035,0.8,290.67,0.94982,7e-05,-71.66568,3.77957,0.1,0.1,241.93
BTC-6MAY25-92500-P,put,92500.0,2025-05-06,0.0,18.951,37.902,34.87,40.06,-0.05018,7e-05,-29.23298,3.77957,0.0,0.0,0.0
BTC-6MAY25-93000-C,call,93000.0,2025-05-06,1705.59,1705.59,1847.7225,0.8,43.54,0.91354,0.00012,-102.05779,5.7594,21.4,24.8,30633.6
BTC-6MAY25-93000-P,put,93000.0,2025-05-06,47.3775,37.902,66.3285,32.85,37.82,-0.08646,0.00012,-51.7965,5.75934,158.0,147.0,33403.23
BTC-6MAY25-93500-C,call,93500.0,2025-05-06,1184.4375,1089.6825,1516.08,0.8,50.78,0.85126,0.00019,-139.74755,8.47271,6.6,7.9,6757.2
BTC-6MAY25-93500-P,put,93500.0,2025-05-06,104.2305,66.3285,104.2305,29.62,34.26,-0.14874,0.00019,-93.22092,8.47271,33.0,134.5,45900.16
BTC-6MAY25-94000-C,call,94000.0,2025-05-06,758.04,758.04,1089.6825,14.24,45.03,0.74852,0.00028,-178.36036,11.64903,168.9,172.9,150183.89
BTC-6MAY25-94000-P,put,94000.0,2025-05-06,132.657,151.608,180.0345,29.09,31.54,-0.25148,0.00028,-169.22877,11.64903,124.5,222.6,118703.49
BTC-6MAY25-94500-C,call,94500.0,2025-05-06,663.285,473.77500000000003,615.9075,23.37,33.4,0.58918,0.00036,-212.79411,14.21292,69.2,92.9,48897.14
BTC-6MAY25-94500-P,put,94500.0,2025-05-06,265.314,303.216,350.5935,28.3,31.64,-0.41082,0.00036,-212.79411,14.21292,37.9,46.4,26812.34
BTC-6MAY25-95000-C,call,95000.0,2025-05-06,331.6425,293.7405,350.5935,28.13,32.13,0.40764,0.00036,-210.54881,14.18626,203.4,277.2,112724.92
BTC-6MAY25-95000-P,put,95000.0,2025-05-06,521.1524999999999,521.1524999999999,615.9075,25.82,32.51,-0.59236,0.00036,-210.54881,14.18626,55.3,32.7,32219.06
BTC-6MAY25-95500-C,call,95500.0,2025-05-06,217.9365,142.1325,189.51,28.44,32.52,0.25345,0.00028,-170.67353,11.69693,74.7,88.5,16155.18
BTC-6MAY25-95500-P,put,95500.0,2025-05-06,1752.9675,521.1524999999999,3648.0675,0.8,222.34,-0.74655,0.00028,-180.90617,11.69693,0.4,0.4,630.22
BTC-6MAY25-96000-C,call,96000.0,2025-05-06,113.70599999999999,66.3285,104.2305,29.56,34.17,0.14589,0.00019,-88.11738,8.36328,65.5,52.3,20791.75
BTC-6MAY25-96000-P,put,96000.0,2025-05-06,2179.365,1184.4375,1516.08,0.8,48.82,-0.85411,0.00019,-135.06121,8.36328,32.7,10.7,17676.06
BTC-6MAY25-97000-C,call,97000.0,2025-05-06,28.426499999999997,9.4755,28.426499999999997,30.5,37.08,0.03764,7e-05,-18.74669,2.99659,248.3,266.0,19864.45
BTC-6MAY25-97000-P,put,97000.0,2025-05-06,3316.425,2084.6099999999997,2463.63,0.8,62.78,-0.96236,7e-05,-51.29116,2.99679,8.5,5.6,14554.21
BTC-6MAY25-98000-C,call,98000.0,2025-05-06,18.951,0.0,18.951,0.8,46.15,0.02418,4e-05,-14.61462,2.0765,218.0,105.1,9777.91
BTC-6MAY25-98000-P,put,98000.0,2025-05-06,4263.974999999999,2368.875,5164.1475,0.8,221.19,-0.97582,4e-05,-45.9247,2.0765,0.2,0.2,817.38
BTC-6MAY25-99000-C,call,99000.0,2025-05-06,9.4755,0.0,9.4755,0.8,51.84,0.01153,2e-05,-7.20011,1.10234,70.4,29.9,940.02
BTC-6MAY25-99000-P,put,99000.0,2025-05-06,0.0,3221.67,7912.0425000000005,0.8,370.78,-0.98847,2e-05,-27.53897,1.10234,0.0,0.0,0.0
BTC-6MAY25-100000-C,call,100000.0,2025-05-06,9.4755,0.0,18.951,0.8,68.29,0.00609,1e-05,-3.96125,0.62934,68.9,24.8,629.18
BTC-6MAY25-100000-P,put,100000.0,2025-05-06,0.0,2890.0275,8954.3475,0.8,398.07,-0.99391,1e-05,-17.50737,0.62934,0.0,0.0,0.0
BTC-6MAY25-101000-C,call,101000.0,2025-05-06,9.4755,0.0,9.4755,0.8,71.66,0.0015,0.0,-0.86324,0.17784,14.1,12.5,216.31
BTC-6MAY25-101000-P,put,101000.0,2025-05-06,0.0,4263.974999999999,9949.275,0.8,421.02,-0.9985,0.0,-4.95067,0.17784,0.0,0.0,0.0
BTC-6MAY25-102000-C,call,102000.0,2025-05-06,9.4755,0.0,9.4755,0.8,81.16,0.00055,0.0,-0.30727,0.07039,27.7,28.6,472.09
BTC-6MAY25-102000-P,put,102000.0,2025-05-06,0.0,4263.974999999999,10991.58,0.8,446.52,-0.99945,0.0,-2.05586,0.07039,0.0,0.0,0.0
BTC-6MAY25-103000-C,call,103000.0,2025-05-06,9.4755,0.0,9.4755,0.8,90.43,0.00011,0.0,-0.05638,0.01584,39.6,30.5,333.05
BTC-6MAY25-103000-P,put,103000.0,2025-05-06,0.0,4785.1275000000005,11986.5075,0.8,467.83,-0.99989,0.0,-0.46321,0.01584,0.0,0.0,0.0
BTC-6MAY25-104000-C,call,104000.0,2025-05-06,9.4755,0.0,9.4755,0.8,99.51,2e-05,0.0,-0.00893,0.00302,15.5,16.3,155.92
BTC-6MAY25-104000-P,put,104000.0,2025-05-06,0.0,5780.055,13028.812500000002,0.8,491.94,-0.99998,0.0,-0.0884,0.00302,0.0,0.0,0.0
BTC-6MAY25-106000-C,call,106000.0,2025-05-06,9.4755,0.0,9.4755,0.8,117.12,0.0,0.0,-0.00017,8e-05,3.3,0.0,0.0
BTC-6MAY25-106000-P,put,106000.0,2025-05-06,0.0,7627.7775,15113.4225,0.8,538.5,-1.0,0.0,-0.00227,8e-05,0.0,0.0,0.0
BTC-6MAY25-108000-C,call,108000.0,2025-05-06,9.4755,0.0,9.4755,0.8,134.1,0.0,0.0,0.0,0.0,0.7,0.2,1.9
BTC-6MAY25-108000-P,put,108000.0,2025-05-06,0.0,9617.632500000002,17150.655,0.8,579.5,-1.0,0.0,-3e-05,0.0,0.0,0.0,0.0
BTC-6MAY25-110000-C,call,110000.0,2025-05-06,9.4755,0.0,9.4755,0.8,150.52,0.0,0.0,0.0,0.0,18.0,18.0,168.65
BTC-6MAY25-110000-P,put,110000.0,2025-05-06,0.0,11560.11,19235.265000000003,0.8,622.44,-1.0,0.0,0.0,0.0,0.0,0.0,0.0
BTC-6MAY25-112000-C,call,112000.0,2025-05-06,9.4755,0.0,9.4755,0.8,166.45,0.0,0.0,0.0,0.0,1.6,0.0,0.0
BTC-6MAY25-112000-P,put,112000.0,2025-05-06,0.0,13502.5875,21319.875,0.8,663.95,-1.0,0.0,0.0,0.0,0.0,0.0,0.0
BTC-7MAY25-84000-C,call,84000.0,2025-05-07,0.0,7722.5325,13786.852499999999,0.8,309.68,0.99234,0.0,-32.53565,1.29995,0.0,0.0,0.0
BTC-7MAY25-84000-P,put,84000.0,2025-05-07,9.4755,0.0,9.4755,0.8,74.95,-0.00766,0.0,-12.20122,1.29995,24.9,26.0,647.23
BTC-7MAY25-86000-C,call,86000.0,2025-05-07,0.0,5637.9225,11891.7525,0.8,282.55,0.98465,1e-05,-53.79395,2.3796,0.0,0.0,0.0
BTC-7MAY25-86000-P,put,86000.0,2025-05-07,18.951,9.4755,28.426499999999997,61.81,71.6,-0.01535,1e-05,-23.80696,2.3796,2.7,2.6,59.68
BTC-7MAY25-88000-C,call,88000.0,2025-05-07,0.0,3600.69,9901.8975,0.8,250.08,0.97799,1e-05,-59.80026,3.23516,0.0,0.0,0.0
BTC-7MAY25-88000-P,put,88000.0,2025-05-07,28.426499999999997,18.951,37.902,53.47,59.54,-0.02201,1e-05,-29.11603,3.23516,19.8,23.3,1434.32
BTC-7MAY25-90000-C,call,90000.0,2025-05-07,0.0,1563.4575,7912.0425000000005,0.8,216.77,0.96274,3e-05,-72.7561,5.01091,0.0,0.0,0.0
BTC-7MAY25-90000-P,put,90000.0,2025-05-07,85.2795,28.426499999999997,47.3775,41.91,45.94,-0.03724,3e-05,-41.4959,5.00889,15.3,19.1,2071.2
BTC-7MAY25-91000-C,call,91000.0,2025-05-07,0.0,710.6625,6964.492499999999,0.8,201.68,0.93609,5e-05,-103.07363,7.70994,0.0,0.0,0.0
BTC-7MAY25-91000-P,put,91000.0,2025-05-07,85.2795,56.852999999999994,75.804,39.25,41.81,-0.06391,5e-05,-71.45696,7.70994,37.7,39.1,6374.23
BTC-7MAY25-92000-C,call,92000.0,2025-05-07,0.0,151.608,6016.9425,0.8,186.04,0.88995,8e-05,-140.62219,11.58905,0.0,0.0,0.0
BTC-7MAY25-92000-P,put,92000.0,2025-05-07,189.51,104.2305,132.657,35.69,38.19,-0.11005,8e-05,-123.89122,11.58905,35.6,34.0,10469.04
BTC-7MAY25-93000-C,call,93000.0,2025-05-07,1563.4575,274.7895,2368.875,0.8,53.57,0.79648,0.00013,-199.2031,17.43062,0.1,0.1,154.97
BTC-7MAY25-93000-P,put,93000.0,2025-05-07,265.314,227.41199999999998,265.314,33.91,36.1,-0.20352,0.00013,-199.2031,17.43062,16.7,11.4,5781.98
BTC-7MAY25-94000-C,call,94000.0,2025-05-07,805.4175,1184.4375,1326.57,30.37,34.53,0.64375,0.00017,-258.05226,22.96642,17.3,19.5,18732.19
BTC-7MAY25-94000-P,put,94000.0,2025-05-07,805.4175,473.77500000000003,568.53,32.55,36.68,-0.35625,0.00017,-258.05226,22.96642,67.1,32.6,30206.17
BTC-7MAY25-95000-C,call,95000.0,2025-05-07,758.04,663.285,758.04,31.59,35.46,0.45923,0.00019,-271.37849,24.45141,203.2,224.2,177519.17
BTC-7MAY25-95000-P,put,95000.0,2025-05-07,1516.08,900.1725,994.9275,31.47,35.34,-0.54077,0.00019,-271.37849,24.45141,22.5,12.8,17030.54
BTC-7MAY25-96000-C,call,96000.0,2025-05-07,397.971,350.5935,397.971,33.42,35.69,0.28714,0.00016,-237.29924,20.9921,96.9,97.5,32705.66
BTC-7MAY25-96000-P,put,96000.0,2025-05-07,2511.0074999999997,1468.7025,1752.9675,27.3,41.02,-0.71286,0.00016,-237.29924,20.9921,14.2,3.0,5304.65
BTC-7MAY25-97000-C,call,97000.0,2025-05-07,180.0345,170.559,208.461,34.85,37.35,0.16339,0.00011,-178.27859,15.19709,14.7,20.0,4329.6
BTC-7MAY25-97000-P,put,97000.0,2025-05-07,0.0,47.3775,5969.565,0.8,191.79,-0.83661,0.00011,-178.27859,15.19709,0.0,0.0,0.0
BTC-7MAY25-98000-C,call,98000.0,2025-05-07,123.1815,75.804,113.70599999999999,35.94,39.8,0.08928,7e-05,-96.00535,9.94616,55.6,41.1,6518.91
BTC-7MAY25-98000-P,put,98000.0,2025-05-07,0.0,331.6425,6964.492499999999,0.8,207.57,-0.91072,7e-05,-122.745,9.94616,0.0,0.0,0.0
BTC-7MAY25-99000-C,call,99000.0,2025-05-07,37.902,37.902,66.3285,38.23,42.74,0.04941,4e-05,-50.87645,6.29488,41.1,27.8,3368.38
BTC-7MAY25-99000-P,put,99000.0,2025-05-07,0.0,994.9275,7959.42,0.8,222.51,-0.95059,4e-05,-82.53186,6.29488,0.0,0.0,0.0
BTC-7MAY25-100000-C,call,100000.0,2025-05-07,28.426499999999997,28.426499999999997,37.902,43.06,45.24,0.02932,2e-05,-30.00692,4.11335,32.8,33.7,1979.91
BTC-7MAY25-100000-P,put,100000.0,2025-05-07,0.0,1895.1000000000001,8954.3475,0.8,236.75,-0.97068,2e-05,-57.91296,4.11325,0.0,0.0,0.0
BTC-7MAY25-101000-C,call,101000.0,2025-05-07,28.426499999999997,9.4755,37.902,42.39,52.0,0.0183,2e-05,-18.88655,2.76637,10.7,10.1,545.2
BTC-7MAY25-101000-P,put,101000.0,2025-05-07,0.0,2842.65,9996.6525,0.8,252.41,-0.9817,2e-05,-41.75956,2.76637,0.0,0.0,0.0
BTC-7MAY25-102000-C,call,102000.0,2025-05-07,18.951,9.4755,18.951,48.02,52.67,0.01238,1e-05,-13.10585,1.97642,15.5,10.3,346.39
BTC-7MAY25-102000-P,put,102000.0,2025-05-07,0.0,3837.5775000000003,11038.9575,0.8,267.59,-0.98762,1e-05,-32.06459,1.97642,0.0,0.0,0.0
BTC-7MAY25-104000-C,call,104000.0,2025-05-07,9.4755,0.0,18.951,0.8,64.34,0.01255,1e-05,-16.78591,2.00062,17.1,11.1,191.61
BTC-7MAY25-104000-P,put,104000.0,2025-05-07,0.0,5732.6775,13218.322500000002,0.8,300.85,-0.98745,1e-05,-41.03827,2.00062,0.0,0.0,0.0
BTC-7MAY25-106000-C,call,106000.0,2025-05-07,9.4755,0.0,18.951,0.8,75.52,0.00356,0.0,-4.22053,0.65715,2.6,2.7,25.53
BTC-7MAY25-106000-P,put,106000.0,2025-05-07,0.0,7675.155000000001,15160.800000000001,0.8,322.32,-0.99644,0.0,-13.53566,0.65715,0.0,0.0,0.0
BTC-7MAY25-108000-C,call,108000.0,2025-05-07,9.4755,0.0,18.951,0.8,86.28,0.00084,0.0,-0.88625,0.17607,22.4,22.5,210.89
BTC-7MAY25-108000-P,put,108000.0,2025-05-07,0.0,9617.632500000002,17198.0325,0.8,346.72,-0.99916,0.0,-3.62748,0.17607,0.0,0.0,0.0
BTC-7MAY25-110000-C,call,110000.0,2025-05-07,9.4755,0.0,9.4755,0.8,89.19,0.00017,0.0,-0.16073,0.03966,1.0,1.0,9.37
BTC-7MAY25-110000-P,put,110000.0,2025-05-07,0.0,11560.11,19235.265000000003,0.8,370.08,-0.99983,0.0,-0.81731,0.03966,0.0,0.0,0.0
BTC-7MAY25-112000-C,call,112000.0,2025-05-07,0.0,0.0,9.4755,0.8,98.64,3e-05,0.0,-0.02521,0.00756,0.0,0.0,0.0
BTC-7MAY25-112000-P,put,112000.0,2025-05-07,0.0,13455.21,21319.875,0.8,394.75,-0.99997,0.0,-0.15581,0.00756,0.0,0.0,0.0
BTC-8MAY25-84000-C,call,84000.0,2025-05-08,0.0,7722.5325,13786.852499999999,0.8,240.83,0.9884,1e-05,-30.40272,2.39923,0.0,0.0,0.0
BTC-8MAY25-84000-P,put,84000.0,2025-05-08,18.951,9.4755,37.902,58.46,70.24,-0.0116,1e-05,-20.72228,2.39923,1.0,1.6,49.09
BTC-8MAY25-86000-C,call,86000.0,2025-05-08,0.0,5685.3,11891.7525,0.8,219.76,0.97939,1e-05,-44.5694,3.92896,0.0,0.0,0.0
BTC-8MAY25-86000-P,put,86000.0,2025-05-08,37.902,18.951,47.3775,52.71,60.51,-0.02061,1e-05,-35.23881,3.92896,6.3,8.6,347.3
BTC-8MAY25-88000-C,call,88000.0,2025-05-08,0.0,3600.69,9949.275,0.8,196.22,0.9624,2e-05,-64.39741,6.48166,0.0,0.0,0.0
BTC-8MAY25-88000-P,put,88000.0,2025-05-08,66.3285,37.902,75.804,46.46,52.67,-0.03759,2e-05,-61.02621,6.48081,30.4,48.9,4606.8
BTC-8MAY25-90000-C,call,90000.0,2025-05-08,0.0,1658.2125,8054.175,0.8,173.51,0.92511,4e-05,-95.76355,11.18604,0.0,0.0,0.0
BTC-8MAY25-90000-P,put,90000.0,2025-05-08,236.88750000000002,94.755,132.657,41.43,44.89,-0.07489,4e-05,-95.76355,11.18604,3.6,3.6,839.06
BTC-8MAY25-91000-C,call,91000.0,2025-05-08,0.0,900.1725,7154.0025,0.8,163.27,0.88631,6e-05,-122.50123,15.23038,0.0,0.0,0.0
BTC-8MAY25-91000-P,put,91000.0,2025-05-08,208.461,151.608,198.9855,38.87,42.03,-0.11369,6e-05,-122.50123,15.23038,34.0,47.2,14452.44
BTC-8MAY25-92000-C,call,92000.0,2025-05-08,0.0,350.5935,6253.83,0.8,152.52,0.82342,8e-05,-157.32975,20.5089,0.0,0.0,0.0
BTC-8MAY25-92000-P,put,92000.0,2025-05-08,379.02,265.314,312.6915,37.36,39.7,-0.17658,8e-05,-157.32975,20.5089,28.7,29.9,15503.29
BTC-8MAY25-93000-C,call,93000.0,2025-05-08,1989.855,198.9855,5401.035,0.8,142.71,0.73034,0.00011,-194.56368,26.14043,0.6,0.6,1184.59
BTC-8MAY25-93000-P,put,93000.0,2025-05-08,473.77500000000003,454.82399999999996,521.1524999999999,36.04,38.59,-0.26966,0.00011,-194.56368,26.14043,36.2,39.1,31931.0
BTC-8MAY25-94000-C,call,94000.0,2025-05-08,1279.1924999999999,1516.08,1658.2125,34.54,39.23,0.61063,0.00013,-220.73112,30.33813,27.7,27.7,36498.96
BTC-8MAY25-94000-P,put,94000.0,2025-05-08,805.4175,758.04,852.795,35.07,38.2,-0.38937,0.00013,-220.73112,30.33813,32.2,33.7,41878.57
BTC-8MAY25-95000-C,call,95000.0,2025-05-08,1089.6825,1042.3049999999998,1089.6825,36.46,37.96,0.47556,0.00014,-229.98057,31.50034,72.5,73.8,77782.63
BTC-8MAY25-95000-P,put,95000.0,2025-05-08,1421.325,1231.815,1326.57,35.3,38.31,-0.52444,0.00014,-229.98057,31.50034,3.5,3.6,5650.58
BTC-8MAY25-96000-C,call,96000.0,2025-05-08,568.53,615.9075,710.6625,35.4,38.66,0.34581,0.00012,-214.27264,29.16792,18.0,18.6,13057.37
BTC-8MAY25-96000-P,put,96000.0,2025-05-08,0.0,1847.7225,1989.855,35.62,40.48,-0.65418,0.00012,-214.27487,29.16822,0.0,0.0,0.0
BTC-8MAY25-97000-C,call,97000.0,2025-05-08,454.82399999999996,388.49550000000005,435.873,37.06,39.0,0.23766,0.0001,-183.34508,24.45797,33.8,36.9,13777.33
BTC-8MAY25-97000-P,put,97000.0,2025-05-08,0.0,198.9855,6206.4525,0.8,157.25,-0.76233,0.0001,-183.34833,24.45841,0.0,0.0,0.0
BTC-8MAY25-98000-C,call,98000.0,2025-05-08,274.7895,236.88750000000002,274.7895,38.43,40.42,0.15734,8e-05,-146.92691,19.0351,17.2,31.7,9676.55
BTC-8MAY25-98000-P,put,98000.0,2025-05-08,0.0,568.53,7106.625,0.8,168.09,-0.84266,8e-05,-146.92691,19.0351,0.0,0.0,0.0
BTC-8MAY25-99000-C,call,99000.0,2025-05-08,170.559,142.1325,170.559,39.78,41.79,0.10239,6e-05,-112.96932,14.12222,16.1,16.9,3840.59
BTC-8MAY25-99000-P,put,99000.0,2025-05-08,0.0,1184.4375,8101.552500000001,0.8,178.27,-0.89761,6e-05,-112.97088,14.12234,0.0,0.0,0.0
BTC-8MAY25-100000-C,call,100000.0,2025-05-08,75.804,85.2795,113.70599999999999,41.21,43.95,0.0664,4e-05,-84.80385,10.19671,8.1,8.8,1340.5
BTC-8MAY25-100000-P,put,100000.0,2025-05-08,0.0,1989.855,9096.48,0.8,189.43,-0.9336,4e-05,-84.80385,10.19671,0.0,0.0,0.0
BTC-8MAY25-101000-C,call,101000.0,2025-05-08,66.3285,47.3775,75.804,42.04,45.96,0.04306,3e-05,-60.32129,7.23506,6.4,6.4,568.56
BTC-8MAY25-101000-P,put,101000.0,2025-05-08,0.0,2890.0275,10091.4075,0.8,200.12,-0.95694,3e-05,-62.53391,7.23506,0.0,0.0,0.0
BTC-8MAY25-102000-C,call,102000.0,2025-05-08,47.3775,28.426499999999997,56.852999999999994,43.5,48.85,0.02883,2e-05,-39.82961,5.2075,10.0,10.0,527.64
BTC-8MAY25-102000-P,put,102000.0,2025-05-08,0.0,3837.5775000000003,11086.335000000001,0.8,210.4,-0.97117,2e-05,-47.02433,5.2075,0.0,0.0,0.0
BTC-8MAY25-104000-C,call,104000.0,2025-05-08,28.426499999999997,9.4755,37.902,45.83,55.37,0.01434,1e-05,-19.87716,2.88167,1.8,1.8,67.04
BTC-8MAY25-104000-P,put,104000.0,2025-05-08,0.0,5732.6775,13170.945000000002,0.8,233.14,-0.98566,1e-05,-28.55754,2.88167,0.0,0.0,0.0
BTC-8MAY25-106000-C,call,106000.0,2025-05-08,9.4755,0.0,18.951,0.8,58.77,0.01569,1e-05,-26.77446,3.11284,54.2,54.2,626.82
BTC-8MAY25-106000-P,put,106000.0,2025-05-08,0.0,7675.155000000001,15302.9325,0.8,256.43,-0.98431,1e-05,-37.70123,3.11284,0.0,0.0,0.0
BTC-8MAY25-108000-C,call,108000.0,2025-05-08,0.0,0.0,18.951,0.8,67.15,0.00952,0.0,-16.44758,2.01862,0.0,0.0,0.0
BTC-8MAY25-108000-P,put,108000.0,2025-05-08,0.0,9570.255000000001,17340.165,0.8,275.55,-0.99048,0.0,-26.19251,2.01862,0.0,0.0,0.0
BTC-8MAY25-110000-C,call,110000.0,2025-05-08,0.0,0.0,18.951,0.8,75.25,0.00372,0.0,-5.8857,0.87866,0.0,0.0,0.0
BTC-8MAY25-110000-P,put,110000.0,2025-05-08,0.0,11560.11,19330.02,0.8,292.1,-0.99628,0.0,-11.39823,0.87782,0.0,0.0,0.0
BTC-9MAY25-70000-C,call,70000.0,2025-05-09,0.0,22267.425,27336.817499999997,0.8,333.62,0.9983,0.0,-7.7207,0.51125,0.0,0.0,0.0
BTC-9MAY25-70000-P,put,70000.0,2025-05-09,9.4755,0.0,9.4755,0.8,113.72,-0.0017,0.0,-5.04248,0.51125,328.0,10.1,94.86
BTC-9MAY25-75000-C,call,75000.0,2025-05-09,0.0,17055.899999999998,22599.067499999997,0.8,291.69,0.99517,0.0,-17.28113,1.30929,0.0,0.0,0.0
BTC-9MAY25-75000-P,put,75000.0,2025-05-09,9.4755,0.0,18.951,0.8,97.09,-0.00483,0.0,-13.65755,1.30964,926.1,6.3,59.41
BTC-9MAY25-78000-C,call,78000.0,2025-05-09,16676.879999999997,14023.74,19661.6625,0.8,262.43,0.9939,0.0,-18.23193,1.61055,1.2,0.4,6657.36
BTC-9MAY25-78000-P,put,78000.0,2025-05-09,9.4755,9.4755,18.951,76.14,82.42,-0.0061,0.0,-15.06113,1.61055,915.4,7.6,79.13
BTC-9MAY25-80000-C,call,80000.0,2025-05-09,15056.569500000001,14639.6475,14971.29,0.8,104.97,0.99233,0.0,-20.05616,1.97175,300.1,0.0,0.0
BTC-9MAY25-80000-P,put,80000.0,2025-05-09,28.426499999999997,9.4755,28.426499999999997,67.17,76.75,-0.00767,0.0,-17.37412,1.97176,1397.6,27.0,282.37
BTC-9MAY25-81000-C,call,81000.0,2025-05-09,0.0,10896.825,16771.635,0.8,234.96,0.98879,0.0,-27.52971,2.74855,0.0,0.0,0.0
BTC-9MAY25-81000-P,put,81000.0,2025-05-09,37.902,18.951,28.426499999999997,68.1,71.8,-0.01121,0.0,-26.05133,2.74849,318.6,0.0,0.0
BTC-9MAY25-82000-C,call,82000.0,2025-05-09,0.0,9807.1425,15776.7075,0.8,224.59,0.98744,1e-05,-28.53507,3.0332,0.0,0.0,0.0
BTC-9MAY25-82000-P,put,82000.0,2025-05-09,37.902,18.951,37.902,63.38,69.67,-0.01256,1e-05,-27.72986,3.0332,81.6,0.6,22.75
BTC-9MAY25-83000-C,call,83000.0,2025-05-09,11275.845,11654.865,11986.5075,0.8,87.53,0.98342,1e-05,-34.93205,3.85324,20.4,0.0,0.0
BTC-9MAY25-83000-P,put,83000.0,2025-05-09,37.902,28.426499999999997,37.902,61.98,64.61,-0.01658,1e-05,-34.93205,3.85324,665.7,5.1,240.99
BTC-9MAY25-84000-C,call,84000.0,2025-05-09,12602.415,10659.9375,10991.58,0.8,81.64,0.9805,1e-05,-37.64951,4.42536,15.1,0.0,0.0
BTC-9MAY25-84000-P,put,84000.0,2025-05-09,37.902,37.902,47.3775,59.56,61.66,-0.0195,1e-05,-37.64965,4.42537,797.5,13.6,522.9
BTC-9MAY25-85000-C,call,85000.0,2025-05-09,11512.7325,9665.01,9996.6525,0.8,75.69,0.97633,1e-05,-41.6163,5.21219,207.1,0.0,0.0
BTC-9MAY25-85000-P,put,85000.0,2025-05-09,56.852999999999994,37.902,56.852999999999994,54.53,58.21,-0.02367,1e-05,-41.61492,5.21205,254.5,40.7,2520.36
BTC-9MAY25-86000-C,call,86000.0,2025-05-09,8859.5925,8670.0825,8954.3475,0.8,65.81,0.96972,1e-05,-48.23197,6.40345,112.6,0.0,0.0
BTC-9MAY25-86000-P,put,86000.0,2025-05-09,75.804,56.852999999999994,66.3285,52.93,54.38,-0.03028,1e-05,-48.23197,6.40345,138.3,8.7,716.81
BTC-9MAY25-87000-C,call,87000.0,2025-05-09,8480.5725,7675.155000000001,8006.797500000001,0.8,63.58,0.96007,2e-05,-57.14626,8.03491,38.6,0.0,0.0
BTC-9MAY25-87000-P,put,87000.0,2025-05-09,104.2305,66.3285,85.2795,48.98,51.37,-0.03993,2e-05,-57.14626,8.03491,350.5,25.5,3041.92
BTC-9MAY25-88000-C,call,88000.0,2025-05-09,6917.115,6680.227499999999,7011.87,0.8,57.39,0.94815,2e-05,-65.77133,9.91248,62.3,13.3,93032.32
BTC-9MAY25-88000-P,put,88000.0,2025-05-09,104.2305,85.2795,104.2305,45.75,47.7,-0.05184,2e-05,-65.75993,9.91101,317.4,63.2,9351.01
BTC-9MAY25-89000-C,call,89000.0,2025-05-09,7675.155000000001,5732.6775,6111.6975,0.8,56.41,0.92875,3e-05,-79.38547,12.70927,74.7,0.0,0.0
BTC-9MAY25-89000-P,put,89000.0,2025-05-09,180.0345,123.1815,142.1325,43.48,44.97,-0.07125,3e-05,-79.38547,12.70927,313.4,84.1,18429.98
BTC-9MAY25-90000-C,call,90000.0,2025-05-09,5116.7699999999995,4785.1275000000005,5116.7699999999995,17.81,49.49,0.89986,5e-05,-96.63544,16.40464,1173.4,5.2,27129.84
BTC-9MAY25-90000-P,put,90000.0,2025-05-09,227.41199999999998,170.559,198.9855,40.65,42.4,-0.10014,5e-05,-96.63544,16.40464,794.4,124.7,38991.76
BTC-9MAY25-91000-C,call,91000.0,2025-05-09,4074.4649999999997,3884.9550000000004,4216.5975,29.62,46.36,0.85583,6e-05,-118.80824,21.20063,218.0,19.6,79896.4
BTC-9MAY25-91000-P,put,91000.0,2025-05-09,435.873,255.8385,293.7405,38.59,40.39,-0.14417,6e-05,-118.80824,21.20063,429.1,123.1,58616.35
BTC-9MAY25-92000-C,call,92000.0,2025-05-09,2700.5175,3032.16,3316.425,30.94,41.95,0.79148,8e-05,-144.51966,26.80026,490.2,3.7,10777.41
BTC-9MAY25-92000-P,put,92000.0,2025-05-09,426.3975,397.971,435.873,37.08,38.51,-0.20852,8e-05,-144.51966,26.80026,936.2,502.5,322799.91
BTC-9MAY25-93000-C,call,93000.0,2025-05-09,2131.9874999999997,2321.4975,2558.3849999999998,33.28,40.65,0.70348,0.0001,-170.59916,32.29479,419.4,1.0,2370.8
BTC-9MAY25-93000-P,put,93000.0,2025-05-09,663.285,615.9075,710.6625,35.82,38.76,-0.29652,0.0001,-170.59916,32.29479,234.8,359.9,334255.01
BTC-9MAY25-94000-C,call,94000.0,2025-05-09,1516.08,1705.59,1847.7225,34.36,38.3,0.59746,0.00011,-188.6949,36.13535,1088.9,101.3,174541.05
BTC-9MAY25-94000-P,put,94000.0,2025-05-09,994.9275,994.9275,1042.3049999999998,36.45,37.76,-0.40254,0.00011,-188.6949,36.13535,537.9,232.3,317307.11
BTC-9MAY25-95000-C,call,95000.0,2025-05-09,1326.57,1231.815,1279.1924999999999,35.83,37.11,0.48239,0.00012,-192.94234,37.21619,1766.7,448.5,571512.54
BTC-9MAY25-95000-P,put,95000.0,2025-05-09,1895.1000000000001,1421.325,1516.08,35.2,37.74,-0.51753,0.00012,-192.94488,37.21682,382.6,35.1,67382.92
BTC-9MAY25-96000-C,call,96000.0,2025-05-09,947.5500000000001,852.795,900.1725,36.69,38.03,0.37155,0.00011,-185.8472,35.30484,1065.4,73.6,61316.95
BTC-9MAY25-96000-P,put,96000.0,2025-05-09,2842.65,1989.855,2131.9874999999997,34.53,38.57,-0.62845,0.00011,-185.8472,35.30484,414.8,12.3,33644.77
BTC-9MAY25-97000-C,call,97000.0,2025-05-09,615.9075,568.53,615.9075,37.34,38.86,0.2748,9e-05,-166.91323,31.147,610.1,71.4,40884.87
BTC-9MAY25-97000-P,put,97000.0,2025-05-09,2700.5175,2605.7625,2890.0275,31.47,40.81,-0.7252,9e-05,-166.91293,31.14694,378.5,0.0,0.0
BTC-9MAY25-98000-C,call,98000.0,2025-05-09,388.49550000000005,369.54449999999997,407.4465,38.04,39.5,0.1975,8e-05,-142.47706,25.94502,961.7,228.1,114155.79
BTC-9MAY25-98000-P,put,98000.0,2025-05-09,3742.8225,3411.18,3742.8225,30.71,44.03,-0.8025,8e-05,-142.47706,25.94502,70.7,1.6,5987.99
BTC-9MAY25-99000-C,call,99000.0,2025-05-09,227.41199999999998,246.363,274.7895,39.34,40.71,0.14004,6e-05,-117.76675,20.78745,679.9,57.8,21852.71
BTC-9MAY25-99000-P,put,99000.0,2025-05-09,2700.5175,4263.974999999999,4595.6175,26.72,45.56,-0.85994,6e-05,-117.77977,20.78975,48.4,0.0,0.0
BTC-9MAY25-100000-C,call,100000.0,2025-05-09,198.9855,180.0345,189.51,41.66,42.23,0.10166,5e-05,-98.41301,16.58556,2368.7,244.1,73701.91
BTC-9MAY25-100000-P,put,100000.0,2025-05-09,5969.565,5164.1475,5590.545,0.8,51.91,-0.89834,5e-05,-98.41301,16.58556,19.5,0.6,3564.97
BTC-9MAY25-101000-C,call,101000.0,2025-05-09,132.657,113.70599999999999,132.657,42.35,43.86,0.07139,3e-05,-77.87197,12.72804,258.6,86.0,19986.19
BTC-9MAY25-101000-P,put,101000.0,2025-05-09,4595.6175,2937.405,10186.1625,0.8,172.45,-0.9286,3e-05,-77.88271,12.7298,0.1,0.0,0.0
BTC-9MAY25-102000-C,call,102000.0,2025-05-09,85.2795,75.804,94.755,43.6,45.58,0.05148,3e-05,-62.67312,9.8574,284.6,17.3,2262.47
BTC-9MAY25-102000-P,put,102000.0,2025-05-09,5353.6575,7154.0025,7485.645,0.8,58.59,-0.94852,3e-05,-62.67388,9.85753,263.6,0.0,0.0
BTC-9MAY25-103000-C,call,103000.0,2025-05-09,66.3285,56.852999999999994,85.2795,45.75,49.29,0.0386,2e-05,-51.98132,7.81645,199.9,39.7,3856.74
BTC-9MAY25-103000-P,put,103000.0,2025-05-09,5685.3,8101.552500000001,8480.5725,0.8,63.83,-0.9614,2e-05,-51.98389,7.81684,301.0,0.0,0.0
BTC-9MAY25-104000-C,call,104000.0,2025-05-09,75.804,47.3775,66.3285,48.56,51.42,0.02862,1e-05,-42.17201,6.10988,288.5,45.1,3626.33
BTC-9MAY25-104000-P,put,104000.0,2025-05-09,7248.7575,5732.6775,13170.945000000002,0.8,197.79,-0.97138,1e-05,-42.17201,6.10988,1.7,0.0,0.0
BTC-9MAY25-105000-C,call,105000.0,2025-05-09,47.3775,28.426499999999997,47.3775,48.75,52.68,0.02109,1e-05,-33.71417,4.72909,1137.9,93.0,4904.21
BTC-9MAY25-105000-P,put,105000.0,2025-05-09,8338.439999999999,10091.4075,10470.4275,0.8,73.74,-0.97891,1e-05,-33.71417,4.72909,51.7,0.0,0.0
BTC-9MAY25-110000-C,call,110000.0,2025-05-09,18.951,9.4755,18.951,58.77,63.7,0.00792,0.0,-14.85369,2.02918,270.9,107.7,1096.51
BTC-9MAY25-110000-P,put,110000.0,2025-05-09,0.0,11560.11,19377.3975,0.8,249.27,-0.99208,0.0,-17.71483,2.02918,0.0,0.0,0.0
BTC-9MAY25-115000-C,call,115000.0,2025-05-09,9.4755,0.0,18.951,0.8,79.95,0.00178,0.0,-3.15197,0.53351,229.0,4.9,46.39
BTC-9MAY25-115000-P,put,115000.0,2025-05-09,0.0,16345.2375,24494.1675,0.8,286.3,-0.99822,0.0,-5.01412,0.53351,0.0,0.0,0.0
BTC-9MAY25-120000-C,call,120000.0,2025-05-09,28.426499999999997,0.0,9.4755,0.8,88.31,0.00027,0.0,-0.43984,0.09515,130.3,0.0,0.0
BTC-9MAY25-120000-P,put,120000.0,2025-05-09,0.0,21177.7425,29610.9375,0.8,320.48,-0.99973,0.0,-0.92155,0.09515,0.0,0.0,0.0
BTC-9MAY25-125000-C,call,125000.0,2025-05-09,9.4755,0.0,9.4755,0.8,101.76,5e-05,0.0,-0.07291,0.01859,176.9,0.0,0.0
BTC-9MAY25-125000-P,put,125000.0,2025-05-09,0.0,25962.870000000003,34727.7075,0.8,352.37,-0.99995,0.0,-0.18727,0.01859,0.0,0.0,0.0
BTC-16MAY25-75000-C,call,75000.0,2025-05-16,0.0,17150.655,22693.8225,0.8,170.03,0.98572,0.0,-17.99822,5.85399,0.0,0.0,0.0
BTC-16MAY25-75000-P,put,75000.0,2025-05-16,47.3775,37.902,66.3285,61.64,66.72,-0.01428,0.0,-17.99933,5.85435,230.1,40.8,2627.46
BTC-16MAY25-80000-C,call,80000.0,2025-05-16,0.0,11986.5075,17956.0725,0.8,145.08,0.97145,1e-05,-27.00012,10.52895,0.0,0.0,0.0
BTC-16MAY25-80000-P,put,80000.0,2025-05-16,113.70599999999999,85.2795,104.2305,52.73,54.58,-0.02855,1e-05,-27.00012,10.52895,397.6,26.2,3332.81
BTC-16MAY25-83000-C,call,83000.0,2025-05-16,0.0,8954.3475,15113.4225,0.8,129.7,0.95199,1e-05,-37.03081,16.09944,0.0,0.0,0.0
BTC-16MAY25-83000-P,put,83000.0,2025-05-16,180.0345,142.1325,170.559,47.31,49.11,-0.04801,1e-05,-37.03081,16.09944,74.5,18.2,3097.49
BTC-16MAY25-84000-C,call,84000.0,2025-05-16,11370.6,7959.42,14213.25,0.8,125.41,0.94161,2e-05,-41.81931,18.8039,1.1,0.0,0.0
BTC-16MAY25-84000-P,put,84000.0,2025-05-16,217.9365,170.559,198.9855,45.55,47.11,-0.05839,2e-05,-41.81873,18.80365,184.4,7.2,1574.63
BTC-16MAY25-85000-C,call,85000.0,2025-05-16,9475.5,6964.492499999999,13265.7,0.8,120.1,0.92804,2e-05,-47.71293,22.11611,0.5,0.5,4702.56
BTC-16MAY25-85000-P,put,85000.0,2025-05-16,331.6425,217.9365,246.363,44.39,45.7,-0.07196,2e-05,-47.71012,22.11523,219.7,29.4,9419.65
BTC-16MAY25-86000-C,call,86000.0,2025-05-16,10423.05,6016.9425,12412.905,0.8,116.49,0.91123,2e-05,-54.22399,25.91815,0.5,0.0,0.0
BTC-16MAY25-86000-P,put,86000.0,2025-05-16,322.167,274.7895,303.216,43.09,44.21,-0.08875,2e-05,-54.21555,25.91411,265.6,46.0,16380.91
BTC-16MAY25-88000-C,call,88000.0,2025-05-16,7817.2875,4169.219999999999,10659.9375,0.8,107.9,0.86184,3e-05,-70.97576,35.56826,0.1,0.0,0.0
BTC-16MAY25-88000-P,put,88000.0,2025-05-16,473.77500000000003,445.3485,521.1524999999999,40.77,42.92,-0.13816,3e-05,-70.97576,35.56826,209.5,36.5,22486.46
BTC-16MAY25-89000-C,call,89000.0,2025-05-16,7059.2474999999995,3363.8025,9807.1425,0.8,103.76,0.82972,4e-05,-79.45281,40.8489,1.1,0.0,0.0
BTC-16MAY25-89000-P,put,89000.0,2025-05-16,729.6135,568.53,615.9075,39.71,40.89,-0.17028,4e-05,-79.45281,40.8489,189.1,74.4,56752.05
BTC-16MAY25-90000-C,call,90000.0,2025-05-16,7817.2875,2653.14,9001.725,0.8,100.23,0.79133,4e-05,-87.83175,46.29956,1.1,0.0,0.0
BTC-16MAY25-90000-P,put,90000.0,2025-05-16,805.4175,758.04,805.4175,39.41,40.44,-0.2087,4e-05,-87.83974,46.30377,297.3,48.0,47948.89
BTC-16MAY25-91000-C,call,91000.0,2025-05-16,4263.974999999999,4737.75,5022.014999999999,36.54,42.04,0.74413,5e-05,-97.1058,51.8716,2.0,1.0,4219.42
BTC-16MAY25-91000-P,put,91000.0,2025-05-16,1042.3049999999998,947.5500000000001,1042.3049999999998,38.23,40.07,-0.25583,5e-05,-97.0987,51.8678,447.8,11.8,14123.52
BTC-16MAY25-92000-C,call,92000.0,2025-05-16,3790.2000000000003,4027.0875,4263.974999999999,36.5,40.69,0.68992,6e-05,-105.90618,56.89442,1.7,1.2,4604.41
BTC-16MAY25-92000-P,put,92000.0,2025-05-16,1563.4575,1231.815,1326.57,37.97,39.64,-0.31003,6e-05,-105.90051,56.89138,123.5,25.9,40205.36
BTC-16MAY25-93000-C,call,93000.0,2025-05-16,3174.2925,3458.5575,3600.69,37.78,40.13,0.63089,6e-05,-113.01356,60.83583,11.4,2.0,6464.0
BTC-16MAY25-93000-P,put,93000.0,2025-05-16,1800.345,1610.835,1705.59,38.31,39.87,-0.3691,6e-05,-113.01276,60.83565,142.4,18.3,37237.37
BTC-16MAY25-94000-C,call,94000.0,2025-05-16,3032.16,2890.0275,2984.7825,37.92,39.42,0.56888,6e-05,-117.73928,63.36893,82.6,79.4,231316.27
BTC-16MAY25-94000-P,put,94000.0,2025-05-16,2226.7425,2037.2324999999998,2131.9874999999997,38.35,39.85,-0.43116,6e-05,-117.74086,63.36978,341.3,207.6,497257.9
BTC-16MAY25-95000-C,call,95000.0,2025-05-16,2131.9874999999997,2416.2525,2511.0074999999997,38.5,39.98,0.50587,6e-05,-119.81548,64.32333,342.8,139.1,341164.47
BTC-16MAY25-95000-P,put,95000.0,2025-05-16,2558.3849999999998,2558.3849999999998,2605.7625,38.88,39.62,-0.49412,6e-05,-119.81393,64.32336,353.3,56.2,159856.66
BTC-16MAY25-96000-C,call,96000.0,2025-05-16,1942.4775000000002,1989.855,2084.6099999999997,38.83,40.32,0.44405,6e-05,-119.54168,63.69604,146.8,53.1,106784.66
BTC-16MAY25-96000-P,put,96000.0,2025-05-16,3174.2925,3126.915,3221.67,39.15,40.64,-0.5559,6e-05,-119.54501,63.6978,170.1,3.3,10606.51
BTC-16MAY25-97000-C,call,97000.0,2025-05-16,1373.9475,1610.835,1705.59,38.95,40.49,0.38469,6e-05,-116.23142,61.62273,130.9,6.6,9966.81
BTC-16MAY25-97000-P,put,97000.0,2025-05-16,4500.8625,3695.445,3837.5775000000003,38.42,40.73,-0.61531,6e-05,-116.23142,61.62273,96.1,5.2,23080.52
BTC-16MAY25-98000-C,call,98000.0,2025-05-16,1421.325,1326.57,1373.9475,39.71,40.52,0.33,6e-05,-111.23407,58.396,416.8,75.9,102772.84
BTC-16MAY25-98000-P,put,98000.0,2025-05-16,5353.6575,4311.3525,4548.24,37.43,41.51,-0.67,6e-05,-111.23407,58.396,17.7,15.0,78671.25
BTC-16MAY25-99000-C,call,99000.0,2025-05-16,1137.06,1042.3049999999998,1137.06,39.58,41.33,0.28061,5e-05,-104.66921,54.33809,153.4,34.0,36732.1
BTC-16MAY25-99000-P,put,99000.0,2025-05-16,4074.4649999999997,4832.505,5448.4125,33.35,44.91,-0.71939,5e-05,-104.66921,54.33809,1.9,0.0,0.0
BTC-16MAY25-100000-C,call,100000.0,2025-05-16,852.795,852.795,947.5500000000001,40.4,42.31,0.23775,5e-05,-97.70692,49.87073,1551.5,189.0,176068.13
BTC-16MAY25-100000-P,put,100000.0,2025-05-16,4500.8625,2842.65,9996.6525,0.8,108.53,-0.7624,5e-05,-97.66997,49.85177,1.0,0.0,0.0
BTC-16MAY25-101000-C,call,101000.0,2025-05-16,568.53,710.6625,758.04,41.53,42.58,0.19938,4e-05,-89.42993,45.05799,209.2,47.5,33362.37
BTC-16MAY25-101000-P,put,101000.0,2025-05-16,6253.83,3505.935,10849.4475,0.8,111.68,-0.80062,4e-05,-89.42993,45.05799,0.1,0.0,0.0
BTC-16MAY25-102000-C,call,102000.0,2025-05-16,568.53,568.53,615.9075,42.0,43.18,0.16729,4e-05,-81.50189,40.38424,210.4,34.7,20239.66
BTC-16MAY25-102000-P,put,102000.0,2025-05-16,5637.9225,4311.3525,11749.62,0.8,115.36,-0.83271,4e-05,-81.50189,40.38424,1.2,0.0,0.0
BTC-16MAY25-103000-C,call,103000.0,2025-05-16,473.77500000000003,454.82399999999996,521.1524999999999,42.52,44.36,0.14054,3e-05,-74.00056,35.98225,118.8,11.8,5671.12
BTC-16MAY25-103000-P,put,103000.0,2025-05-16,0.0,5116.7699999999995,12697.17,0.8,119.6,-0.85946,3e-05,-74.00056,35.98225,0.0,0.0,0.0
BTC-16MAY25-104000-C,call,104000.0,2025-05-16,407.4465,379.02,416.922,43.56,44.75,0.11712,3e-05,-66.21599,31.70661,168.5,44.9,22498.48
BTC-16MAY25-104000-P,put,104000.0,2025-05-16,0.0,5969.565,13644.72,0.8,123.67,-0.88288,3e-05,-66.21599,31.70661,0.0,0.0,0.0
BTC-16MAY25-105000-C,call,105000.0,2025-05-16,322.167,312.6915,331.6425,44.43,45.12,0.09754,2e-05,-58.94878,27.78728,517.5,78.9,28085.96
BTC-16MAY25-105000-P,put,105000.0,2025-05-16,0.0,6774.982499999999,14592.27,0.8,127.57,-0.90246,2e-05,-58.94878,27.78728,0.0,0.0,0.0
BTC-16MAY25-106000-C,call,106000.0,2025-05-16,265.314,255.8385,284.265,45.19,46.34,0.08243,2e-05,-53.13294,24.51926,236.4,51.0,13543.67
BTC-16MAY25-106000-P,put,106000.0,2025-05-16,0.0,7675.155000000001,15587.1975,0.8,132.13,-0.91757,2e-05,-53.13294,24.51926,0.0,0.0,0.0
BTC-16MAY25-110000-C,call,110000.0,2025-05-16,123.1815,123.1815,151.608,48.61,50.53,0.04274,1e-05,-34.35066,14.66149,492.5,132.8,20760.91
BTC-16MAY25-110000-P,put,110000.0,2025-05-16,0.0,11465.355,19519.53,0.8,148.36,-0.95726,1e-05,-34.35204,14.66198,0.0,0.0,0.0
BTC-16MAY25-115000-C,call,115000.0,2025-05-16,56.852999999999994,56.852999999999994,75.804,53.25,55.58,0.01953,1e-05,-19.47241,7.65096,473.8,15.8,771.95
BTC-16MAY25-115000-P,put,115000.0,2025-05-16,0.0,16250.482500000002,24541.545000000002,0.8,168.37,-0.98047,1e-05,-19.47241,7.65096,0.0,0.0,0.0
BTC-16MAY25-120000-C,call,120000.0,2025-05-16,37.902,28.426499999999997,56.852999999999994,57.61,63.03,0.01191,0.0,-14.19837,5.0046,213.3,182.2,10981.55
BTC-16MAY25-120000-P,put,120000.0,2025-05-16,0.0,21035.61,29705.6925,0.8,189.23,-0.98809,0.0,-14.19872,5.00472,0.0,0.0,0.0
BTC-16MAY25-125000-C,call,125000.0,2025-05-16,37.902,18.951,37.902,63.2,68.52,0.00678,0.0,-9.3163,3.055,308.8,34.8,1075.87
BTC-16MAY25-125000-P,put,125000.0,2025-05-16,0.0,25868.115,34822.4625,0.8,207.9,-0.99322,0.0,-9.3163,3.055,0.0,0.0,0.0
BTC-16MAY25-130000-C,call,130000.0,2025-05-16,28.426499999999997,9.4755,37.902,66.18,76.83,0.00563,0.0,-8.77722,2.59152,57.6,2.0,56.54
BTC-16MAY25-130000-P,put,130000.0,2025-05-16,0.0,30700.620000000003,40033.987499999996,0.8,227.26,-0.99437,0.0,-8.77722,2.59152,0.0,0.0,0.0
BTC-16MAY25-135000-C,call,135000.0,2025-05-16,47.3775,9.4755,28.426499999999997,73.19,81.94,0.00478,0.0,-8.2967,2.24021,50.3,0.0,0.0
BTC-16MAY25-135000-P,put,135000.0,2025-05-16,39228.57,0.0,45198.134999999995,0.8,244.81,-0.99522,0.0,-8.2967,2.24021,0.0,0.0,0.0
BTC-23MAY25-75000-C,call,75000.0,2025-05-23,0.0,17245.41,22883.3325,0.8,134.53,0.9743,1e-05,-20.25746,12.45037,0.0,0.0,0.0
BTC-23MAY25-75000-P,put,75000.0,2025-05-23,123.1815,113.70599999999999,132.657,56.51,58.02,-0.0257,1e-05,-20.25746,12.45037,130.5,28.2,3166.03
BTC-23MAY25-80000-C,call,80000.0,2025-05-23,0.0,12176.0175,18240.3375,0.8,116.43,0.94955,1e-05,-30.38006,21.62387,0.0,0.0,0.0
BTC-23MAY25-80000-P,put,80000.0,2025-05-23,236.88750000000002,217.9365,236.88750000000002,48.95,49.82,-0.05045,1e-05,-30.38006,21.62387,56.9,9.5,2275.82
BTC-23MAY25-85000-C,call,85000.0,2025-05-23,0.0,7296.135,13786.852499999999,0.8,100.07,0.88408,2e-05,-51.03108,40.6386,0.0,0.0,0.0
BTC-23MAY25-85000-P,put,85000.0,2025-05-23,521.1524999999999,521.1524999999999,568.53,43.58,44.75,-0.11592,2e-05,-51.03108,40.6386,1182.8,36.2,22735.98
BTC-23MAY25-88000-C,call,88000.0,2025-05-23,0.0,4785.1275000000005,11323.2225,0.8,92.05,0.80905,3e-05,-67.70623,56.66682,0.0,0.0,0.0
BTC-23MAY25-88000-P,put,88000.0,2025-05-23,1137.06,900.1725,994.9275,40.9,42.58,-0.19095,3e-05,-67.70623,56.66682,135.5,21.8,25600.87
BTC-23MAY25-90000-C,call,90000.0,2025-05-23,7154.0025,6206.4525,6538.095,38.77,43.68,0.73826,4e-05,-79.75498,67.75896,1.5,0.5,3612.76
BTC-23MAY25-90000-P,put,90000.0,2025-05-23,1421.325,1373.9475,1468.7025,40.54,41.95,-0.26174,4e-05,-79.75498,67.75896,48.1,8.4,13613.81
BTC-23MAY25-91000-C,call,91000.0,2025-05-23,0.0,5495.79,5732.6775,38.59,41.88,0.69812,4e-05,-84.82754,72.58744,0.0,0.0,0.0
BTC-23MAY25-91000-P,put,91000.0,2025-05-23,2037.2324999999998,1658.2125,1752.9675,40.2,41.51,-0.30188,4e-05,-84.82754,72.58744,17.8,9.6,19181.07
BTC-23MAY25-92000-C,call,92000.0,2025-05-23,0.0,4974.6375,5116.7699999999995,40.32,42.18,0.6551,4e-05,-89.13078,76.69408,0.0,0.0,0.0
BTC-23MAY25-92000-P,put,92000.0,2025-05-23,2321.4975,1989.855,2084.6099999999997,39.93,41.17,-0.3449,4e-05,-89.13078,76.69408,33.4,2.7,6128.43
BTC-23MAY25-93000-C,call,93000.0,2025-05-23,6253.83,4358.73,4500.8625,40.1,41.88,0.60941,5e-05,-93.07586,79.90996,0.1,0.0,0.0
BTC-23MAY25-93000-P,put,93000.0,2025-05-23,2984.7825,2416.2525,2511.0074999999997,40.29,41.48,-0.39059,5e-05,-93.07586,79.90996,39.2,13.7,38759.02
BTC-23MAY25-94000-C,call,94000.0,2025-05-23,3363.8025,3790.2000000000003,3932.3325,40.47,41.63,0.56299,5e-05,-95.28109,82.01539,3.6,3.4,11799.68
BTC-23MAY25-94000-P,put,94000.0,2025-05-23,3316.425,2842.65,2937.405,40.04,41.2,-0.43701,5e-05,-95.28109,82.01539,28.0,13.9,46215.25
BTC-23MAY25-95000-C,call,95000.0,2025-05-23,3411.18,3316.425,3411.18,40.25,41.4,0.51609,5e-05,-96.80135,82.98542,204.0,203.6,681941.38
BTC-23MAY25-95000-P,put,95000.0,2025-05-23,3363.8025,3363.8025,3458.5575,40.36,41.51,-0.48391,5e-05,-96.8014,82.98542,19.4,12.0,46772.01
BTC-23MAY25-96000-C,call,96000.0,2025-05-23,2890.0275,2890.0275,2937.405,40.61,41.19,0.46996,5e-05,-97.18886,82.81742,15.8,4.5,15434.17
BTC-23MAY25-96000-P,put,96000.0,2025-05-23,4263.974999999999,3884.9550000000004,4027.0875,40.11,41.83,-0.53003,5e-05,-97.18913,82.81765,82.6,0.2,849.69
BTC-23MAY25-97000-C,call,97000.0,2025-05-23,2274.12,2463.63,2558.3849999999998,40.41,41.58,0.42487,5e-05,-95.98209,81.57592,11.6,1.0,2259.04
BTC-23MAY25-97000-P,put,97000.0,2025-05-23,5306.28,4500.8625,4642.995,40.45,42.2,-0.57513,5e-05,-95.98209,81.57592,43.4,3.4,17082.96
BTC-23MAY25-98000-C,call,98000.0,2025-05-23,2084.6099999999997,2131.9874999999997,2226.7425,40.84,42.04,0.38195,4e-05,-93.98791,79.38992,57.3,1.9,3935.52
BTC-23MAY25-98000-P,put,98000.0,2025-05-23,5543.1675000000005,5116.7699999999995,5306.28,40.25,42.64,-0.61804,4e-05,-93.98852,79.39044,16.2,10.5,61946.76
BTC-23MAY25-99000-C,call,99000.0,2025-05-23,1658.2125,1847.7225,1942.4775000000002,41.41,42.65,0.34158,4e-05,-91.30582,76.40876,433.8,422.8,803761.65
BTC-23MAY25-99000-P,put,99000.0,2025-05-23,4974.6375,5685.3,6016.9425,38.75,43.12,-0.65842,4e-05,-91.30582,76.40876,18.1,0.0,0.0
BTC-23MAY25-100000-C,call,100000.0,2025-05-23,1563.4575,1563.4575,1658.2125,41.44,42.75,0.3036,4e-05,-87.44287,72.76612,163.7,24.6,38696.33
BTC-23MAY25-100000-P,put,100000.0,2025-05-23,5211.525,6443.34,6727.605,39.26,43.2,-0.6964,4e-05,-87.44287,72.76612,0.7,0.0,0.0
BTC-23MAY25-101000-C,call,101000.0,2025-05-23,1373.9475,1326.57,1421.325,41.65,43.04,0.26889,4e-05,-83.18969,68.6871,40.1,21.1,27955.18
BTC-23MAY25-101000-P,put,101000.0,2025-05-23,0.0,4074.4649999999997,11560.11,0.8,96.0,-0.73111,4e-05,-83.18969,68.6871,0.0,0.0,0.0
BTC-23MAY25-102000-C,call,102000.0,2025-05-23,1042.3049999999998,1137.06,1231.815,42.11,43.59,0.23768,3e-05,-78.7454,64.36943,63.7,15.8,17118.51
BTC-23MAY25-102000-P,put,102000.0,2025-05-23,0.0,4785.1275000000005,12412.905,0.8,98.35,-0.76239,3e-05,-78.73203,64.3587,0.0,0.0,0.0
BTC-23MAY25-103000-C,call,103000.0,2025-05-23,994.9275,994.9275,1042.3049999999998,42.91,43.7,0.21024,3e-05,-74.33688,60.03812,152.2,106.3,112188.2
BTC-23MAY25-103000-P,put,103000.0,2025-05-23,0.0,5590.545,13313.077500000001,0.8,101.14,-0.7901,3e-05,-74.25967,59.97576,0.0,0.0,0.0
BTC-23MAY25-104000-C,call,104000.0,2025-05-23,805.4175,852.795,900.1725,43.41,44.26,0.18444,3e-05,-69.33226,55.45901,91.8,15.9,13539.43
BTC-23MAY25-104000-P,put,104000.0,2025-05-23,0.0,6301.2075,14213.25,0.8,103.79,-0.81556,3e-05,-69.33226,55.45901,0.0,0.0,0.0
BTC-23MAY25-105000-C,call,105000.0,2025-05-23,758.04,710.6625,805.4175,43.48,45.33,0.16158,3e-05,-64.31951,50.97383,1029.0,17.3,14590.2
BTC-23MAY25-105000-P,put,105000.0,2025-05-23,0.0,7201.38,15113.4225,0.8,106.31,-0.83842,3e-05,-64.31951,50.97383,0.0,0.0,0.0
BTC-23MAY25-106000-C,call,106000.0,2025-05-23,521.1524999999999,615.9075,663.285,44.13,45.15,0.14229,2e-05,-59.89412,46.8444,58.9,17.7,11530.09
BTC-23MAY25-106000-P,put,106000.0,2025-05-23,0.0,7912.0425000000005,16013.595000000001,0.8,108.7,-0.85771,2e-05,-59.89412,46.8444,0.0,0.0,0.0
BTC-23MAY25-108000-C,call,108000.0,2025-05-23,521.1524999999999,473.77500000000003,521.1524999999999,45.66,46.86,0.11034,2e-05,-51.49886,39.22858,44.2,13.6,6682.98
BTC-23MAY25-108000-P,put,108000.0,2025-05-23,0.0,9712.387499999999,17956.0725,0.8,114.99,-0.88966,2e-05,-51.49886,39.22858,0.0,0.0,0.0
BTC-23MAY25-110000-C,call,110000.0,2025-05-23,322.167,350.5935,379.02,46.64,47.52,0.08492,2e-05,-43.46311,32.36787,140.2,69.3,26822.19
BTC-23MAY25-110000-P,put,110000.0,2025-05-23,0.0,11512.7325,19851.1725,0.8,120.3,-0.91508,2e-05,-43.46311,32.36787,0.0,0.0,0.0
BTC-23MAY25-115000-C,call,115000.0,2025-05-23,208.461,180.0345,208.461,49.71,51.11,0.04668,1e-05,-29.1992,20.32009,61.2,30.3,6455.59
BTC-23MAY25-115000-P,put,115000.0,2025-05-23,0.0,16203.105000000001,24778.432500000003,0.8,134.77,-0.95333,1e-05,-29.19716,20.31867,0.0,0.0,0.0
BTC-23MAY25-120000-C,call,120000.0,2025-05-23,104.2305,104.2305,132.657,53.28,55.39,0.02747,1e-05,-20.2487,13.16169,42.8,2.0,206.51
BTC-23MAY25-120000-P,put,120000.0,2025-05-23,0.0,20988.232500000002,29800.4475,0.8,149.11,-0.97253,1e-05,-20.2487,13.16169,0.0,0.0,0.0
BTC-23MAY25-125000-C,call,125000.0,2025-05-23,75.804,66.3285,85.2795,57.01,59.07,0.01716,0.0,-14.51425,8.84847,40.7,1.3,88.54
BTC-23MAY25-125000-P,put,125000.0,2025-05-23,0.0,25773.36,34869.84,0.8,163.03,-0.98284,0.0,-14.51425,8.84847,0.0,0.0,0.0
BTC-23MAY25-130000-C,call,130000.0,2025-05-23,56.852999999999994,37.902,66.3285,59.43,63.81,0.01186,0.0,-11.29068,6.4377,7.3,0.1,5.64
BTC-23MAY25-130000-P,put,130000.0,2025-05-23,0.0,30605.865,39986.61,0.8,176.74,-0.98814,0.0,-11.29068,6.4377,0.0,0.0,0.0
BTC-23MAY25-135000-C,call,135000.0,2025-05-23,37.902,28.426499999999997,56.852999999999994,63.4,68.87,0.00918,0.0,-9.68858,5.14688,13.4,5.0,188.3
BTC-23MAY25-135000-P,put,135000.0,2025-05-23,0.0,0.0,45150.7575,0.8,190.37,-0.99082,0.0,-9.68858,5.14688,0.0,0.0,0.0
BTC-30MAY25-30000-C,call,30000.0,2025-05-30,64717.66500000001,64765.0425,64954.5525,0.8,197.52,0.99955,0.0,-1.15313,0.39903,17.1,0.1,6431.28
BTC-30MAY25-30000-P,put,30000.0,2025-05-30,9.4755,0.0,9.4755,0.8,150.95,-0.00045,0.0,-1.15313,0.39903,581.6,0.9,8.48
BTC-30MAY25-40000-C,call,40000.0,2025-05-30,55479.052500000005,54768.39,55005.277500000004,0.8,154.66,0.99852,0.0,-2.86381,1.18724,364.4,0.0,0.0
BTC-30MAY25-40000-P,put,40000.0,2025-05-30,18.951,0.0,18.951,0.8,122.52,-0.00148,0.0,-2.86374,1.18721,261.1,1.5,23.56
BTC-30MAY25-50000-C,call,50000.0,2025-05-30,44335.864499999996,44819.115,45056.002499999995,0.8,120.44,0.99626,0.0,-5.4411,2.74853,30.4,0.0,0.0
BTC-30MAY25-50000-P,put,50000.0,2025-05-30,37.902,18.951,37.902,92.63,99.93,-0.00374,0.0,-5.4411,2.74853,1147.2,0.1,3.76
BTC-30MAY25-60000-C,call,60000.0,2025-05-30,35722.635,34869.84,35106.7275,0.8,91.4,0.99008,0.0,-10.58628,6.52222,139.1,0.0,0.0
BTC-30MAY25-60000-P,put,60000.0,2025-05-30,56.852999999999994,56.852999999999994,75.804,77.46,80.5,-0.00992,0.0,-10.58628,6.52222,1069.8,1.5,84.89
BTC-30MAY25-64000-C,call,64000.0,2025-05-30,0.0,30890.13,31127.0175,0.8,80.77,0.9864,0.0,-12.59916,8.57936,0.0,0.0,0.0
BTC-30MAY25-64000-P,put,64000.0,2025-05-30,85.2795,75.804,104.2305,70.35,73.68,-0.0136,0.0,-12.59916,8.57936,239.3,0.0,0.0
BTC-30MAY25-65000-C,call,65000.0,2025-05-30,20561.835,29895.2025,30179.4675,0.8,81.36,0.98368,0.0,-14.65344,10.0341,0.1,0.0,0.0
BTC-30MAY25-65000-P,put,65000.0,2025-05-30,104.2305,104.2305,113.70599999999999,71.13,72.09,-0.01632,0.0,-14.65344,10.0341,2842.2,21.9,2266.14
BTC-30MAY25-66000-C,call,66000.0,2025-05-30,0.0,28900.274999999998,29184.54,0.8,78.69,0.98259,0.0,-15.02922,10.60087,0.0,0.0,0.0
BTC-30MAY25-66000-P,put,66000.0,2025-05-30,104.2305,94.755,123.1815,67.64,70.42,-0.01741,0.0,-15.02922,10.60087,286.8,0.0,0.0
BTC-30MAY25-68000-C,call,68000.0,2025-05-30,0.0,26910.42,27194.684999999998,0.8,73.43,0.98058,0.0,-15.44121,11.63501,0.0,0.0,0.0
BTC-30MAY25-68000-P,put,68000.0,2025-05-30,142.1325,113.70599999999999,132.657,64.55,66.16,-0.01942,0.0,-15.44121,11.63501,280.0,0.3,42.26
BTC-30MAY25-70000-C,call,70000.0,2025-05-30,25915.4925,24967.9425,25204.83,43.18,68.26,0.97685,0.0,-16.95388,13.50082,178.0,0.0,0.0
BTC-30MAY25-70000-P,put,70000.0,2025-05-30,142.1325,123.1815,151.608,60.45,62.58,-0.02315,0.0,-16.95366,13.5007,1345.7,67.2,9615.19
BTC-30MAY25-72000-C,call,72000.0,2025-05-30,15445.065,22978.087499999998,23262.3525,41.23,65.4,0.97143,0.0,-19.22268,16.09916,1.2,0.0,0.0
BTC-30MAY25-72000-P,put,72000.0,2025-05-30,170.559,151.608,180.0345,57.62,59.4,-0.02857,0.0,-19.22268,16.09916,531.1,3.1,523.01
BTC-30MAY25-74000-C,call,74000.0,2025-05-30,22077.915,21035.61,21272.4975,45.98,60.23,0.96482,1e-05,-21.63082,19.12343,11.2,0.0,0.0
BTC-30MAY25-74000-P,put,74000.0,2025-05-30,217.9365,180.0345,217.9365,54.42,56.42,-0.03518,1e-05,-21.63082,19.12343,778.5,4.6,957.82
BTC-30MAY25-75000-C,call,75000.0,2025-05-30,21556.7625,20040.6825,20324.9475,44.04,59.5,0.96091,1e-05,-22.91685,20.8405,144.7,0.0,0.0
BTC-30MAY25-75000-P,put,75000.0,2025-05-30,246.363,198.9855,236.88750000000002,52.95,54.79,-0.03909,1e-05,-22.91685,20.8405,1355.9,10.0,2452.99
BTC-30MAY25-76000-C,call,76000.0,2025-05-30,20135.4375,19093.1325,19330.02,45.8,56.89,0.95556,1e-05,-24.86578,23.12438,72.9,0.0,0.0
BTC-30MAY25-76000-P,put,76000.0,2025-05-30,274.7895,227.41199999999998,265.314,51.83,53.48,-0.04444,1e-05,-24.86578,23.12438,1043.6,27.2,7569.44
BTC-30MAY25-78000-C,call,78000.0,2025-05-30,16582.125,17150.655,17434.92,44.12,54.68,0.94293,1e-05,-28.91612,28.22424,86.1,0.5,8203.81
BTC-30MAY25-78000-P,put,78000.0,2025-05-30,369.54449999999997,293.7405,331.6425,49.45,50.81,-0.05707,1e-05,-28.91612,28.22424,1141.2,30.0,9864.84
BTC-30MAY25-80000-C,call,80000.0,2025-05-30,17908.695,15255.555,15539.820000000002,43.39,51.8,0.92495,1e-05,-34.29486,34.89884,883.5,0.0,0.0
BTC-30MAY25-80000-P,put,80000.0,2025-05-30,435.873,397.971,426.3975,47.62,48.44,-0.07505,1e-05,-34.29486,34.89884,1291.2,163.2,82129.72
BTC-30MAY25-82000-C,call,82000.0,2025-05-30,12791.925000000001,13407.832499999999,13692.0975,42.7,49.41,0.90148,2e-05,-40.30228,42.77903,604.7,17.0,219585.1
BTC-30MAY25-82000-P,put,82000.0,2025-05-30,615.9075,521.1524999999999,568.53,45.42,46.54,-0.09851,2e-05,-40.29752,42.77445,1020.5,8.7,5307.58
BTC-30MAY25-84000-C,call,84000.0,2025-05-30,11323.2225,11607.4875,11891.7525,41.67,47.16,0.86847,2e-05,-48.02628,52.55479,822.9,20.0,223846.91
BTC-30MAY25-84000-P,put,84000.0,2025-05-30,805.4175,710.6625,805.4175,43.77,45.59,-0.13153,2e-05,-48.02628,52.55479,1652.4,78.0,68575.38
BTC-30MAY25-85000-C,call,85000.0,2025-05-30,11986.5075,10754.692500000001,11038.9575,41.56,46.51,0.8475,2e-05,-52.59751,58.09089,203.7,0.0,0.0
BTC-30MAY25-85000-P,put,85000.0,2025-05-30,947.5500000000001,900.1725,947.5500000000001,44.22,45.03,-0.15252,2e-05,-52.60132,58.0951,817.4,103.8,111866.59
BTC-30MAY25-86000-C,call,86000.0,2025-05-30,9380.745,9949.275,10186.1625,41.8,45.56,0.82602,2e-05,-56.31056,63.28693,446.9,16.0,155592.49
BTC-30MAY25-86000-P,put,86000.0,2025-05-30,1042.3049999999998,994.9275,1089.6825,42.66,44.16,-0.17398,2e-05,-56.31056,63.28693,1063.8,77.0,91823.56
BTC-30MAY25-88000-C,call,88000.0,2025-05-30,7912.0425000000005,8338.439999999999,8622.705,40.94,44.78,0.77147,3e-05,-65.48255,74.55799,999.8,0.9,7343.59
BTC-30MAY25-88000-P,put,88000.0,2025-05-30,1516.08,1468.7025,1516.08,42.89,43.52,-0.22853,3e-05,-65.48255,74.55799,1457.1,194.9,331113.9
BTC-30MAY25-90000-C,call,90000.0,2025-05-30,6443.34,6917.115,7154.0025,40.96,43.77,0.70772,3e-05,-73.66118,84.66155,1712.1,20.9,138937.05
BTC-30MAY25-90000-P,put,90000.0,2025-05-30,2084.6099999999997,1989.855,2084.6099999999997,42.05,43.17,-0.29228,3e-05,-73.66118,84.66155,948.2,91.3,195008.35
BTC-30MAY25-92000-C,call,92000.0,2025-05-30,5353.6575,5685.3,5827.4325,41.41,42.95,0.63665,4e-05,-80.04954,92.48476,989.5,0.7,4255.67
BTC-30MAY25-92000-P,put,92000.0,2025-05-30,3174.2925,2700.5175,2795.2725,41.84,42.87,-0.36335,4e-05,-80.04941,92.48461,602.3,18.7,54351.57
BTC-30MAY25-94000-C,call,94000.0,2025-05-30,4453.485,4595.6175,4737.75,41.66,43.13,0.56125,4e-05,-84.37592,97.14868,1493.0,9.4,41781.52
BTC-30MAY25-94000-P,put,94000.0,2025-05-30,4216.5975,3600.69,3695.445,42.03,43.01,-0.43873,4e-05,-84.37529,97.14848,552.6,124.6,525828.06
BTC-30MAY25-95000-C,call,95000.0,2025-05-30,3951.2835,4121.8425,4216.5975,41.91,42.88,0.52332,4e-05,-85.279,98.1422,2387.6,18.5,77268.14
BTC-30MAY25-95000-P,put,95000.0,2025-05-30,4216.5975,4121.8425,4169.219999999999,42.25,42.73,-0.47668,4e-05,-85.279,98.1422,382.6,3.7,16453.99
BTC-30MAY25-96000-C,call,96000.0,2025-05-30,3316.425,3695.445,3790.2000000000003,42.24,43.21,0.48572,4e-05,-85.60251,98.24726,1431.8,138.7,524218.94
BTC-30MAY25-96000-P,put,96000.0,2025-05-30,5401.035,4642.995,4785.1275000000005,42.08,43.53,-0.51428,4e-05,-85.60251,98.24726,423.9,40.3,201994.88
BTC-30MAY25-98000-C,call,98000.0,2025-05-30,2823.699,2984.7825,3032.16,43.25,43.74,0.41362,4e-05,-84.5212,95.99638,1560.4,142.4,422905.58
BTC-30MAY25-98000-P,put,98000.0,2025-05-30,6301.2075,5874.81,6016.9425,42.54,44.03,-0.58638,4e-05,-84.5212,95.99638,282.7,102.4,682827.81
BTC-30MAY25-100000-C,call,100000.0,2025-05-30,2274.12,2321.4975,2416.2525,43.35,44.4,0.34759,3e-05,-81.23358,91.04465,3139.9,238.4,569350.13
BTC-30MAY25-100000-P,put,100000.0,2025-05-30,7106.625,7201.38,7390.89,42.55,44.64,-0.65241,3e-05,-81.23358,91.04465,32.1,0.0,0.0
BTC-30MAY25-102000-C,call,102000.0,2025-05-30,1895.1000000000001,1800.345,1895.1000000000001,43.69,44.82,0.2883,3e-05,-75.93242,84.1197,1023.2,19.5,35964.13
BTC-30MAY25-102000-P,put,102000.0,2025-05-30,9522.8775,8622.705,9001.725,42.18,46.7,-0.7117,3e-05,-75.93242,84.1197,30.3,9.1,86046.82
BTC-30MAY25-104000-C,call,104000.0,2025-05-30,1468.7025,1421.325,1516.08,44.53,45.77,0.23807,3e-05,-70.07782,76.26882,1220.4,56.9,86769.22
BTC-30MAY25-104000-P,put,104000.0,2025-05-30,8575.3275,10138.785,10612.56,41.5,47.78,-0.76193,3e-05,-70.07782,76.26882,6.0,0.0,0.0
BTC-30MAY25-105000-C,call,105000.0,2025-05-30,1231.815,1279.1924999999999,1326.57,45.19,45.84,0.2159,3e-05,-66.92335,72.17728,2175.1,118.0,157666.02
BTC-30MAY25-105000-P,put,105000.0,2025-05-30,10280.9175,10991.58,11465.355,41.95,48.57,-0.7841,3e-05,-66.92335,72.17728,17.8,0.0,0.0
BTC-30MAY25-106000-C,call,106000.0,2025-05-30,1089.6825,1137.06,1184.4375,45.61,46.31,0.19506,2e-05,-63.46319,67.95514,788.9,2.3,2522.84
BTC-30MAY25-106000-P,put,106000.0,2025-05-30,10280.9175,8338.439999999999,16582.125,0.8,98.7,-0.80494,2e-05,-63.46319,67.95514,0.6,0.0,0.0
BTC-30MAY25-108000-C,call,108000.0,2025-05-30,900.1725,900.1725,947.5500000000001,46.48,47.27,0.15896,2e-05,-56.65057,59.7039,787.4,165.6,160868.07
BTC-30MAY25-108000-P,put,108000.0,2025-05-30,13976.3625,9949.275,18429.8475,0.8,103.12,-0.84104,2e-05,-56.65057,59.7039,2.1,0.0,0.0
BTC-30MAY25-110000-C,call,110000.0,2025-05-30,710.6625,710.6625,758.04,47.28,48.19,0.12968,2e-05,-50.2793,52.04157,2566.5,84.5,63516.86
BTC-30MAY25-110000-P,put,110000.0,2025-05-30,13597.342499999999,15350.310000000001,15918.84,41.2,52.42,-0.87032,2e-05,-50.2793,52.04157,16.2,0.0,0.0
BTC-30MAY25-115000-C,call,115000.0,2025-05-30,416.922,416.922,445.3485,49.85,50.62,0.08037,1e-05,-37.53384,36.76391,1401.5,29.3,12301.31
BTC-30MAY25-115000-P,put,115000.0,2025-05-30,17340.165,19993.305,20609.2125,36.85,56.71,-0.91963,1e-05,-37.53384,36.76391,20.0,0.0,0.0
BTC-30MAY25-120000-C,call,120000.0,2025-05-30,265.314,255.8385,284.265,52.49,53.58,0.05171,1e-05,-28.18617,26.10352,1120.9,105.0,30452.74
BTC-30MAY25-120000-P,put,120000.0,2025-05-30,23593.995,24825.81,25441.717500000002,0.8,61.69,-0.9483,1e-05,-28.18305,26.10062,151.9,0.0,0.0
BTC-30MAY25-125000-C,call,125000.0,2025-05-30,189.51,170.559,198.9855,55.5,56.98,0.0352,1e-05,-21.88677,19.13,486.6,166.9,32114.51
BTC-30MAY25-125000-P,put,125000.0,2025-05-30,0.0,25725.982500000002,35059.35,0.8,141.19,-0.9648,1e-05,-21.88677,19.13,0.0,0.0,0.0
BTC-30MAY25-130000-C,call,130000.0,2025-05-30,142.1325,123.1815,142.1325,58.78,60.09,0.02545,0.0,-17.72819,14.61721,715.6,56.0,7821.06
BTC-30MAY25-130000-P,put,130000.0,2025-05-30,49272.6,34680.33,35248.86,0.8,71.54,-0.97455,0.0,-17.72807,14.61709,9.5,0.0,0.0
BTC-30MAY25-140000-C,call,140000.0,2025-05-30,85.2795,85.2795,94.755,66.58,67.53,0.01594,0.0,-13.40158,9.83059,648.3,17.9,1761.04
BTC-30MAY25-150000-C,call,150000.0,2025-05-30,66.3285,56.852999999999994,66.3285,72.67,74.04,0.0111,0.0,-10.82169,7.19106,1170.8,21.5,1408.36
BTC-30MAY25-150000-P,put,150000.0,2025-05-30,71255.76,54484.12499999999,55289.5425,0.8,100.02,-0.9889,0.0,-10.82169,7.19106,8.4,0.0,0.0
BTC-30MAY25-160000-C,call,160000.0,2025-05-30,37.902,28.426499999999997,47.3775,75.38,79.67,0.00657,0.0,-7.2061,4.54351,268.9,2.2,84.26
BTC-30MAY25-160000-P,put,160000.0,2025-05-30,64196.5125,64338.645000000004,65286.19499999999,0.8,111.86,-0.99343,0.0,-7.2061,4.54351,6.2,0.0,0.0
BTC-30MAY25-200000-C,call,200000.0,2025-05-30,18.951,9.4755,18.951,93.16,98.94,0.00191,0.0,-2.9064,1.49932,210.4,0.9,16.99
BTC-30MAY25-200000-P,put,200000.0,2025-05-30,103093.44,96697.4775,0.0,0.8,0.8,-0.99809,0.0,-2.9064,1.49932,4.6,0.0,0.0
BTC-30MAY25-250000-C,call,250000.0,2025-05-30,9.4755,0.0,9.4755,0.8,117.54,0.00177,0.0,-3.44864,1.39526,196.0,84.0,793.62
BTC-30MAY25-250000-P,put,250000.0,2025-05-30,154924.425,153882.12000000002,155208.69,0.8,190.23,-0.99823,0.0,-3.44864,1.39526,0.2,0.0,0.0
BTC-27JUN25-20000-C,call,20000.0,2025-06-27,73482.5025,74856.45,74998.5825,0.8,176.39,0.99929,0.0,-1.20075,0.8947,74.7,0.0,0.0
BTC-27JUN25-20000-P,put,20000.0,2025-06-27,9.4755,0.0,18.951,0.8,148.02,-0.00071,0.0,-1.20075,0.8947,300.3,0.0,0.0
BTC-27JUN25-30000-C,call,30000.0,2025-06-27,62017.1475,64907.175,65096.685000000005,0.8,135.73,0.99863,0.0,-1.68919,1.6224,46.2,0.0,0.0
BTC-27JUN25-30000-P,put,30000.0,2025-06-27,18.951,9.4755,28.426499999999997,103.57,115.18,-0.00137,0.0,-1.68917,1.62238,557.4,0.0,0.0
BTC-27JUN25-40000-C,call,40000.0,2025-06-27,55147.409999999996,55005.277500000004,55194.7875,0.8,106.42,0.99642,0.0,-3.36676,3.88281,77.6,0.0,0.0
BTC-27JUN25-40000-P,put,40000.0,2025-06-27,47.3775,28.426499999999997,47.3775,87.79,92.95,-0.00358,0.0,-3.36676,3.88281,467.2,1.1,51.64
BTC-27JUN25-45000-C,call,45000.0,2025-06-27,46524.705,50078.017499999994,50220.15,0.8,91.81,0.99411,0.0,-4.84756,6.06101,31.9,0.0,0.0
BTC-27JUN25-45000-P,put,45000.0,2025-06-27,75.804,47.3775,75.804,81.16,86.02,-0.00589,0.0,-4.84756,6.06101,1116.4,0.2,14.23
BTC-27JUN25-50000-C,call,50000.0,2025-06-27,46382.5725,45150.7575,45292.89,62.3,83.04,0.99082,0.0,-6.57277,8.96056,56.8,0.0,0.0
BTC-27JUN25-50000-P,put,50000.0,2025-06-27,85.2795,75.804,113.70599999999999,74.9,79.17,-0.00918,0.0,-6.57273,8.96051,1073.6,2.8,249.52
BTC-27JUN25-55000-C,call,55000.0,2025-06-27,36149.0325,40223.4975,40413.0075,61.39,77.1,0.9859,0.0,-8.73425,13.00894,29.0,0.0,0.0
BTC-27JUN25-55000-P,put,55000.0,2025-06-27,123.1815,123.1815,151.608,69.38,71.59,-0.0141,0.0,-8.73425,13.00894,1672.9,0.0,0.0
BTC-27JUN25-60000-C,call,60000.0,2025-06-27,36006.9,35248.86,35533.125,50.65,70.01,0.97823,0.0,-11.5837,18.84719,460.0,0.0,0.0
BTC-27JUN25-60000-P,put,60000.0,2025-06-27,198.9855,189.51,217.9365,63.77,65.29,-0.02177,0.0,-11.5837,18.84719,1560.4,1.3,265.62
BTC-27JUN25-65000-C,call,65000.0,2025-06-27,31885.057500000003,30416.355,30653.2425,52.94,62.38,0.96675,0.0,-15.01613,26.83343,113.0,0.0,0.0
BTC-27JUN25-65000-P,put,65000.0,2025-06-27,303.216,284.265,312.6915,58.22,59.29,-0.03325,0.0,-15.01613,26.83343,2558.7,20.2,6400.16
BTC-27JUN25-70000-C,call,70000.0,2025-06-27,27213.636000000002,25631.2275,25868.115,50.5,56.72,0.94601,1e-05,-20.55734,39.71251,551.3,0.0,0.0
BTC-27JUN25-70000-P,put,70000.0,2025-06-27,454.82399999999996,445.3485,473.77500000000003,53.39,54.13,-0.05399,1e-05,-20.55733,39.71249,2615.0,34.6,16143.19
BTC-27JUN25-75000-C,call,75000.0,2025-06-27,22125.2925,20988.232500000002,21225.12,48.1,52.28,0.91363,1e-05,-27.23948,57.04853,570.2,0.0,0.0
BTC-27JUN25-75000-P,put,75000.0,2025-06-27,758.04,758.04,805.4175,49.86,50.69,-0.08637,1e-05,-27.23948,57.04853,2242.3,23.9,19125.95
BTC-27JUN25-80000-C,call,80000.0,2025-06-27,17055.899999999998,16582.125,16866.39,45.9,49.41,0.85783,1e-05,-36.87418,81.47618,701.5,0.1,1715.45
BTC-27JUN25-80000-P,put,80000.0,2025-06-27,1326.57,1326.57,1373.9475,47.27,47.86,-0.14217,1e-05,-36.87418,81.47618,3794.3,112.3,152045.44
BTC-27JUN25-85000-C,call,85000.0,2025-06-27,12412.905,12649.792500000001,12886.68,45.01,47.2,0.77371,2e-05,-47.91584,109.00132,1934.9,1.0,12856.89
BTC-27JUN25-85000-P,put,85000.0,2025-06-27,2321.4975,2321.4975,2416.2525,45.69,46.57,-0.22629,2e-05,-47.91584,109.00132,3408.6,155.8,390534.84
BTC-27JUN25-90000-C,call,90000.0,2025-06-27,9380.745,9380.745,9522.8775,45.22,46.31,0.66534,2e-05,-57.50996,131.92592,2228.0,2.2,20453.41
BTC-27JUN25-90000-P,put,90000.0,2025-06-27,4027.0875,3979.71,4027.0875,45.52,45.88,-0.33466,2e-05,-57.51,131.92595,907.5,156.0,661945.21
BTC-27JUN25-95000-C,call,95000.0,2025-06-27,6822.36,6727.605,6869.737499999999,45.39,46.39,0.54627,2e-05,-62.81733,143.55076,2316.1,38.1,254802.59
BTC-27JUN25-95000-P,put,95000.0,2025-06-27,6395.962500000001,6301.2075,6395.962500000001,45.75,46.42,-0.45373,2e-05,-62.81733,143.55076,1165.0,172.8,1152296.66
BTC-27JUN25-97000-C,call,97000.0,2025-06-27,5969.565,5874.81,5969.565,45.72,46.38,0.49899,2e-05,-63.47507,144.52324,42.1,20.2,120564.5
BTC-27JUN25-97000-P,put,97000.0,2025-06-27,7817.2875,7390.89,7485.645,45.78,46.44,-0.50101,2e-05,-63.47507,144.52324,120.9,76.2,597564.86
BTC-27JUN25-100000-C,call,100000.0,2025-06-27,4737.75,4785.1275000000005,4879.8825,46.34,47.01,0.43128,2e-05,-63.13238,142.37412,3586.5,343.6,1655007.42
BTC-27JUN25-100000-P,put,100000.0,2025-06-27,9901.8975,9238.612500000001,9380.745,46.12,47.13,-0.56872,2e-05,-63.13256,142.37409,408.4,0.2,1939.52
BTC-27JUN25-102000-C,call,102000.0,2025-06-27,4216.5975,4121.8425,4216.5975,46.45,47.13,0.38906,2e-05,-62.04118,138.89866,45.0,13.4,54093.71
BTC-27JUN25-102000-P,put,102000.0,2025-06-27,10991.58,10565.1825,10754.692500000001,46.26,47.64,-0.61094,2e-05,-62.04166,138.89891,0.9,0.1,1095.87
BTC-27JUN25-105000-C,call,105000.0,2025-06-27,3411.18,3363.8025,3411.18,47.33,47.69,0.33132,2e-05,-59.48306,131.40419,3192.9,50.7,166151.74
BTC-27JUN25-105000-P,put,105000.0,2025-06-27,13739.474999999999,12744.5475,12981.435000000001,46.83,48.64,-0.66868,2e-05,-59.48244,131.40405,172.8,6.0,81297.84
BTC-27JUN25-110000-C,call,110000.0,2025-06-27,2274.12,2321.4975,2416.2525,48.09,48.92,0.24979,2e-05,-53.23505,115.06907,5276.6,228.0,563411.73
BTC-27JUN25-110000-P,put,110000.0,2025-06-27,15824.085000000001,16534.747499999998,17103.2775,46.35,51.32,-0.75021,2e-05,-53.23377,115.06791,72.4,0.0,0.0
BTC-27JUN25-115000-C,call,115000.0,2025-06-27,1610.835,1658.2125,1752.9675,49.56,50.54,0.18751,1e-05,-46.33183,97.51128,2886.1,8.8,14954.24
BTC-27JUN25-115000-P,put,115000.0,2025-06-27,19756.4175,20751.345,21462.0075,46.59,53.9,-0.81249,1e-05,-46.33183,97.51128,31.6,0.0,0.0
BTC-27JUN25-120000-C,call,120000.0,2025-06-27,1184.4375,1184.4375,1231.815,50.87,51.46,0.14001,1e-05,-39.26062,80.63436,4039.5,10.5,13232.32
BTC-27JUN25-120000-P,put,120000.0,2025-06-27,25678.605000000003,25204.83,25820.737500000003,46.7,54.53,-0.85999,1e-05,-39.26062,80.63436,423.1,0.0,0.0
BTC-27JUN25-125000-C,call,125000.0,2025-06-27,852.795,852.795,900.1725,52.15,52.87,0.10484,1e-05,-32.83638,65.80108,1463.7,57.5,49414.11
BTC-27JUN25-125000-P,put,125000.0,2025-06-27,28426.5,29847.825,30463.732500000002,47.05,56.7,-0.89516,1e-05,-32.83638,65.80108,16.9,0.0,0.0
BTC-27JUN25-130000-C,call,130000.0,2025-06-27,663.285,615.9075,710.6625,53.31,55.07,0.0808,1e-05,-27.9541,54.26789,2853.7,31.9,21625.29
BTC-27JUN25-130000-P,put,130000.0,2025-06-27,34585.575,34585.575,35201.4825,47.06,59.07,-0.9192,1e-05,-27.9541,54.26789,54.8,0.0,0.0
BTC-27JUN25-135000-C,call,135000.0,2025-06-27,521.1524999999999,473.77500000000003,521.1524999999999,55.03,56.11,0.06198,1e-05,-23.39203,44.26785,1597.3,5.0,2639.5
BTC-27JUN25-135000-P,put,135000.0,2025-06-27,59316.63,39370.7025,40033.987499999996,45.39,61.99,-0.93802,1e-05,-23.39203,44.26785,6.3,0.0,0.0
BTC-27JUN25-140000-C,call,140000.0,2025-06-27,407.4465,379.02,397.971,56.95,57.47,0.04949,0.0,-20.22439,37.05845,2590.7,0.4,160.15
BTC-27JUN25-140000-P,put,140000.0,2025-06-27,62500.397999999994,44108.4525,44913.869999999995,0.8,65.17,-0.95051,0.0,-20.22439,37.05845,113.9,0.0,0.0
BTC-27JUN25-150000-C,call,150000.0,2025-06-27,255.8385,236.88750000000002,265.314,59.94,61.04,0.03223,0.0,-15.08657,26.15608,1366.2,7.2,2016.53
BTC-27JUN25-150000-P,put,150000.0,2025-06-27,57468.9075,54010.35,54815.7675,0.8,73.29,-0.96777,0.0,-15.08681,26.15646,16.3,0.0,0.0
BTC-27JUN25-160000-C,call,160000.0,2025-06-27,170.559,161.0835,198.9855,63.07,65.04,0.02252,0.0,-11.81297,19.39533,1132.9,5.0,1037.88
BTC-27JUN25-160000-P,put,160000.0,2025-06-27,64812.420000000006,63817.4925,64622.91,0.8,78.36,-0.97748,0.0,-11.81297,19.39533,143.0,0.0,0.0
BTC-27JUN25-170000-C,call,170000.0,2025-06-27,132.657,123.1815,142.1325,66.67,67.95,0.01648,0.0,-9.52173,14.8753,1043.8,18.4,2428.71
BTC-27JUN25-170000-P,put,170000.0,2025-06-27,94802.37749999999,73672.0125,74524.8075,0.8,84.7,-0.98352,0.0,-9.52078,14.87383,27.5,0.0,0.0
BTC-27JUN25-180000-C,call,180000.0,2025-06-27,123.1815,104.2305,132.657,70.62,72.82,0.0136,0.0,-8.55138,12.60582,1870.4,0.1,12.29
BTC-27JUN25-180000-P,put,180000.0,2025-06-27,101482.605,83573.91,84379.3275,0.8,89.17,-0.9864,0.0,-8.5522,12.60704,20.1,0.0,0.0
BTC-27JUN25-190000-C,call,190000.0,2025-06-27,94.755,85.2795,113.70599999999999,73.84,76.45,0.01106,0.0,-7.48603,10.54126,221.6,0.2,19.02
BTC-27JUN25-190000-P,put,190000.0,2025-06-27,117069.8025,93286.2975,94423.3575,0.8,98.63,-0.98894,0.0,-7.48603,10.54126,5.5,0.0,0.0
BTC-27JUN25-200000-C,call,200000.0,2025-06-27,75.804,75.804,85.2795,77.41,78.46,0.00883,0.0,-6.3773,8.66414,3488.2,154.2,11671.64
BTC-27JUN25-200000-P,put,200000.0,2025-06-27,104230.50000000001,103140.8175,104467.3875,0.8,107.47,-0.99117,0.0,-6.3773,8.66414,0.3,0.0,0.0
BTC-27JUN25-220000-C,call,220000.0,2025-06-27,66.3285,56.852999999999994,66.3285,83.16,84.53,0.00638,0.0,-5.14123,6.50359,2015.6,0.0,0.0
BTC-27JUN25-220000-P,put,220000.0,2025-06-27,144880.395,122897.235,124365.9375,0.8,119.22,-0.99362,0.0,-5.14123,6.50359,14.8,0.0,0.0
BTC-27JUN25-240000-C,call,240000.0,2025-06-27,56.852999999999994,37.902,66.3285,86.91,91.96,0.00542,0.0,-4.79135,5.63204,648.0,0.0,0.0
BTC-27JUN25-240000-P,put,240000.0,2025-06-27,159614.79750000002,142653.6525,144169.7325,0.8,127.41,-0.99458,0.0,-4.79165,5.63239,35.3,0.0,0.0
BTC-27JUN25-250000-C,call,250000.0,2025-06-27,47.3775,37.902,47.3775,90.21,92.2,0.00453,0.0,-4.16567,4.8015,996.8,0.0,0.0
BTC-27JUN25-250000-P,put,250000.0,2025-06-27,149760.2775,152697.6825,153976.875,0.8,128.22,-0.99547,0.0,-4.16567,4.8015,1.7,0.0,0.0
BTC-27JUN25-260000-C,call,260000.0,2025-06-27,47.3775,37.902,47.3775,93.37,95.4,0.00441,0.0,-4.20237,4.68055,562.2,0.0,0.0
BTC-27JUN25-260000-P,put,260000.0,2025-06-27,0.0,162410.07,164115.66,0.8,138.53,-0.99559,0.0,-4.20237,4.68055,0.0,0.0,0.0
BTC-27JUN25-280000-C,call,280000.0,2025-06-27,37.902,37.902,47.3775,99.28,101.4,0.00419,0.0,-4.26915,4.47262,1321.8,7.8,294.15
BTC-27JUN25-280000-P,put,280000.0,2025-06-27,183777.3225,182403.375,184156.3425,0.8,151.37,-0.99581,0.0,-4.26964,4.47312,0.5,0.0,0.0
BTC-27JUN25-300000-C,call,300000.0,2025-06-27,37.902,28.426499999999997,37.902,102.03,104.72,0.00355,0.0,-3.8318,3.85706,5085.6,2.0,76.15
BTC-27JUN25-300000-P,put,300000.0,2025-06-27,204291.78,202159.7925,204007.515,0.8,158.57,-0.99645,0.0,-3.83139,3.85665,1.7,0.2,40675.26
BTC-27JUN25-400000-C,call,400000.0,2025-06-27,18.951,9.4755,18.951,113.55,119.73,0.00154,0.0,-2.04767,1.81464,658.2,0.5,9.46
BTC-27JUN25-400000-P,put,400000.0,2025-06-27,329368.38,300989.2575,303595.02,0.8,196.52,-0.99846,0.0,-2.04767,1.81464,0.1,0.0,0.0
BTC-25JUL25-30000-C,call,30000.0,2025-07-25,65191.439999999995,65049.3075,65238.8175,0.8,108.84,0.99784,0.0,-1.78644,3.06135,6.9,0.0,0.0
BTC-25JUL25-30000-P,put,30000.0,2025-07-25,18.951,18.951,37.902,89.64,96.36,-0.00216,0.0,-1.78644,3.06135,42.7,0.0,0.0
BTC-25JUL25-40000-C,call,40000.0,2025-07-25,0.0,55242.16499999999,55384.2975,0.8,85.27,0.99371,0.0,-4.01246,7.99806,0.0,0.0,0.0
BTC-25JUL25-40000-P,put,40000.0,2025-07-25,94.755,66.3285,85.2795,78.61,81.16,-0.00629,0.0,-4.01246,7.99806,0.8,0.0,0.0
BTC-25JUL25-50000-C,call,50000.0,2025-07-25,0.0,45435.0225,45624.5325,57.43,72.08,0.98522,0.0,-7.20935,16.85266,0.0,0.0,0.0
BTC-25JUL25-50000-P,put,50000.0,2025-07-25,170.559,161.0835,189.51,67.79,69.53,-0.01478,0.0,-7.20935,16.85266,11.2,1.1,176.69
BTC-25JUL25-60000-C,call,60000.0,2025-07-25,0.0,35770.0125,36054.277500000004,54.75,63.33,0.96641,0.0,-12.35887,33.68089,0.0,0.0,0.0
BTC-25JUL25-60000-P,put,60000.0,2025-07-25,388.49550000000005,379.02,397.971,58.91,59.48,-0.03359,0.0,-12.35887,33.68089,50.4,0.5,185.67
BTC-25JUL25-70000-C,call,70000.0,2025-07-25,0.0,26436.645000000004,26720.909999999996,50.18,54.49,0.92097,1e-05,-21.47861,66.40684,0.0,0.0,0.0
BTC-25JUL25-70000-P,put,70000.0,2025-07-25,900.1725,900.1725,947.5500000000001,51.83,52.55,-0.07903,1e-05,-21.47861,66.40684,99.2,1.6,1482.69
BTC-25JUL25-75000-C,call,75000.0,2025-07-25,0.0,22030.537500000002,22314.802499999998,48.22,51.4,0.8788,1e-05,-28.13253,90.81733,0.0,0.0,0.0
BTC-25JUL25-75000-P,put,75000.0,2025-07-25,1563.4575,1421.325,1516.08,49.3,50.36,-0.1212,1e-05,-28.13244,90.81728,140.6,4.6,6773.23
BTC-25JUL25-80000-C,call,80000.0,2025-07-25,17671.8075,18003.45,18287.715,47.39,49.82,0.81916,1e-05,-35.75082,118.63847,96.2,0.4,7328.41
BTC-25JUL25-80000-P,put,80000.0,2025-07-25,2368.875,2321.4975,2416.2525,48.13,48.94,-0.18084,1e-05,-35.75082,118.63847,136.2,1.5,3651.9
BTC-25JUL25-84000-C,call,84000.0,2025-07-25,0.0,15066.045,15350.310000000001,46.82,48.88,0.75917,1e-05,-41.83202,140.41142,0.0,0.0,0.0
BTC-25JUL25-84000-P,put,84000.0,2025-07-25,3600.69,3363.8025,3458.5575,47.66,48.35,-0.24083,1e-05,-41.83202,140.41142,60.8,0.1,357.9
BTC-25JUL25-85000-C,call,85000.0,2025-07-25,15208.1775,14402.76,14687.025,46.88,48.86,0.74284,1e-05,-43.21557,145.39863,1.0,0.0,0.0
BTC-25JUL25-85000-P,put,85000.0,2025-07-25,3884.9550000000004,3648.0675,3742.8225,47.41,48.07,-0.25716,1e-05,-43.21557,145.39863,1007.6,5.0,19513.52
BTC-25JUL25-86000-C,call,86000.0,2025-07-25,0.0,13739.474999999999,14023.74,46.81,48.73,0.72585,2e-05,-44.62091,150.19547,0.0,0.0,0.0
BTC-25JUL25-86000-P,put,86000.0,2025-07-25,4358.73,3979.71,4074.4649999999997,47.37,48.01,-0.27415,2e-05,-44.62091,150.19547,27.7,0.1,431.53
BTC-25JUL25-88000-C,call,88000.0,2025-07-25,12839.302500000002,12507.66,12697.17,46.91,48.12,0.69085,2e-05,-47.15246,158.85331,6.4,0.0,0.0
BTC-25JUL25-88000-P,put,88000.0,2025-07-25,4879.8825,4737.75,4832.505,47.54,48.14,-0.30915,2e-05,-47.15246,158.85331,9.6,0.2,944.93
BTC-25JUL25-90000-C,call,90000.0,2025-07-25,11607.4875,11323.2225,11512.7325,46.81,47.97,0.65478,2e-05,-49.30635,166.13781,109.5,0.0,0.0
BTC-25JUL25-90000-P,put,90000.0,2025-07-25,6111.6975,5543.1675000000005,5637.9225,47.5,48.08,-0.34522,2e-05,-49.30635,166.13781,92.3,4.4,26534.82
BTC-25JUL25-92000-C,call,92000.0,2025-07-25,10091.4075,10280.9175,10423.05,47.1,47.93,0.61801,2e-05,-51.10056,171.92175,3.2,0.9,9250.74
BTC-25JUL25-92000-P,put,92000.0,2025-07-25,6822.36,6443.34,6538.095,47.58,48.14,-0.38199,2e-05,-51.10051,171.92172,152.3,0.5,3390.78
BTC-25JUL25-94000-C,call,94000.0,2025-07-25,9143.8575,9333.3675,9428.122500000001,47.47,48.01,0.58109,2e-05,-52.44922,176.12092,210.8,0.3,2812.51
BTC-25JUL25-94000-P,put,94000.0,2025-07-25,7722.5325,7438.2675,7533.0225,47.75,48.3,-0.41891,2e-05,-52.44922,176.12092,108.0,2.3,17985.8
BTC-25JUL25-96000-C,call,96000.0,2025-07-25,8527.949999999999,8433.195,8527.949999999999,47.67,48.21,0.54433,2e-05,-53.27347,178.73758,633.3,2.0,16607.99
BTC-25JUL25-96000-P,put,96000.0,2025-07-25,8906.97,8480.5725,8622.705,47.77,48.57,-0.45567,2e-05,-53.27347,178.73758,90.7,0.1,885.49
BTC-25JUL25-98000-C,call,98000.0,2025-07-25,9096.48,7580.400000000001,7722.5325,47.72,48.52,0.50822,2e-05,-53.7704,179.81094,126.3,0.0,0.0
BTC-25JUL25-98000-P,put,98000.0,2025-07-25,8480.5725,9665.01,9759.765,48.17,48.7,-0.49178,2e-05,-53.7708,179.81094,37.8,0.0,0.0
BTC-25JUL25-100000-C,call,100000.0,2025-07-25,6680.227499999999,6869.737499999999,6964.492499999999,48.18,48.72,0.47326,2e-05,-53.95223,179.44494,345.1,55.4,382147.83
BTC-25JUL25-100000-P,put,100000.0,2025-07-25,11048.432999999999,10849.4475,10991.58,48.18,48.98,-0.52674,2e-05,-53.95223,179.44494,106.1,23.0,256556.01
BTC-25JUL25-102000-C,call,102000.0,2025-07-25,6348.585,6159.075,6253.83,48.26,48.8,0.43931,2e-05,-53.64302,177.76386,262.6,14.3,90596.28
BTC-25JUL25-102000-P,put,102000.0,2025-07-25,11133.7125,12128.64,12318.15,48.35,49.43,-0.56069,2e-05,-53.64302,177.76386,3.7,0.0,0.0
BTC-25JUL25-104000-C,call,104000.0,2025-07-25,5353.6575,5543.1675000000005,5637.9225,48.53,49.08,0.40702,2e-05,-53.07998,174.94173,233.9,0.6,3207.51
BTC-25JUL25-104000-P,put,104000.0,2025-07-25,12223.395,13265.7,13692.0975,47.34,49.81,-0.59298,2e-05,-53.07998,174.94173,11.1,0.0,0.0
BTC-25JUL25-106000-C,call,106000.0,2025-07-25,5495.79,5022.014999999999,5069.3925,49.02,49.3,0.37651,2e-05,-52.27014,171.16295,95.1,0.0,0.0
BTC-25JUL25-106000-P,put,106000.0,2025-07-25,0.0,14687.025,15113.4225,47.61,50.13,-0.62349,2e-05,-52.27014,171.16295,0.0,0.0,0.0
BTC-25JUL25-108000-C,call,108000.0,2025-07-25,4500.8625,4500.8625,4595.6175,49.2,49.77,0.3476,2e-05,-51.16919,166.56096,126.4,0.4,1789.56
BTC-25JUL25-108000-P,put,108000.0,2025-07-25,0.0,16108.35,16582.125,47.54,50.43,-0.6524,2e-05,-51.16919,166.56096,0.0,0.0,0.0
BTC-25JUL25-110000-C,call,110000.0,2025-07-25,3932.3325,4074.4649999999997,4121.8425,49.65,49.95,0.32069,2e-05,-49.92424,161.36137,155.5,1.2,4761.81
BTC-25JUL25-110000-P,put,110000.0,2025-07-25,18761.49,17482.2975,18240.3375,46.83,51.61,-0.67931,2e-05,-49.92424,161.36137,0.1,0.0,0.0
BTC-25JUL25-112000-C,call,112000.0,2025-07-25,3648.0675,3648.0675,3742.8225,49.83,50.45,0.2953,2e-05,-48.44462,155.61926,1010.2,5.8,21236.79
BTC-25JUL25-112000-P,put,112000.0,2025-07-25,0.0,18619.357500000002,24636.3,44.09,80.95,-0.7047,2e-05,-48.4455,155.62082,0.0,0.0,0.0
BTC-25JUL25-115000-C,call,115000.0,2025-07-25,2984.7825,3126.915,3221.67,50.37,51.03,0.26083,1e-05,-46.08428,146.46957,1034.4,2.6,7997.9
BTC-25JUL25-115000-P,put,115000.0,2025-07-25,0.0,17292.7875,27952.725,0.8,87.56,-0.73917,1e-05,-46.08428,146.46957,0.0,0.0,0.0
BTC-25JUL25-120000-C,call,120000.0,2025-07-25,2368.875,2416.2525,2511.0074999999997,51.21,51.95,0.21147,1e-05,-41.76464,130.45851,165.4,42.9,107980.6
BTC-25JUL25-120000-P,put,120000.0,2025-07-25,26436.645000000004,21367.252500000002,32264.077500000003,0.8,90.97,-0.78853,1e-05,-41.76464,130.45851,0.3,0.0,0.0
BTC-25JUL25-125000-C,call,125000.0,2025-07-25,1895.1000000000001,1895.1000000000001,1989.855,52.23,53.06,0.17204,1e-05,-37.53408,114.95446,52.8,1.8,3445.6
BTC-25JUL25-125000-P,put,125000.0,2025-07-25,0.0,25678.605000000003,36764.94,0.8,94.81,-0.82796,1e-05,-37.53408,114.95446,0.0,0.0,0.0
BTC-25JUL25-130000-C,call,130000.0,2025-07-25,1516.08,1516.08,1563.4575,53.43,53.91,0.14016,1e-05,-33.41132,100.42361,343.3,84.2,132403.2
BTC-25JUL25-130000-P,put,130000.0,2025-07-25,0.0,30132.09,41407.935,0.8,98.97,-0.85984,1e-05,-33.41132,100.42361,0.0,0.0,0.0
BTC-25JUL25-140000-C,call,140000.0,2025-07-25,947.5500000000001,947.5500000000001,1042.3049999999998,55.1,56.36,0.09469,1e-05,-26.28307,76.01646,227.6,63.6,64818.37
BTC-25JUL25-140000-P,put,140000.0,2025-07-25,0.0,39275.947499999995,50883.435000000005,0.8,107.13,-0.90531,1e-05,-26.28307,76.01646,0.0,0.0,0.0
BTC-25JUL25-150000-C,call,150000.0,2025-07-25,663.285,615.9075,710.6625,56.87,58.55,0.06515,0.0,-20.50196,57.26313,148.0,0.1,66.22
BTC-25JUL25-160000-C,call,160000.0,2025-07-25,454.82399999999996,445.3485,464.29949999999997,59.38,59.82,0.04731,0.0,-16.57655,44.48176,25.4,1.2,555.24
BTC-25JUL25-170000-C,call,170000.0,2025-07-25,416.922,322.167,350.5935,61.43,62.27,0.03489,0.0,-13.40053,34.74858,39.6,0.0,0.0
BTC-25JUL25-180000-C,call,180000.0,2025-07-25,274.7895,246.363,265.314,63.65,64.35,0.0267,0.0,-11.10797,27.83662,14.5,0.2,54.84
BTC-25JUL25-200000-C,call,200000.0,2025-07-25,189.51,161.0835,189.51,68.12,69.59,0.01746,0.0,-8.30841,19.44498,2.4,0.0,0.0
BTC-26SEP25-20000-C,call,20000.0,2025-09-26,75898.755,75188.0925,75330.225,0.8,109.32,0.99814,0.0,-1.21734,3.60441,34.0,0.0,0.0
BTC-26SEP25-20000-P,put,20000.0,2025-09-26,47.3775,28.426499999999997,47.3775,94.25,99.63,-0.00186,0.0,-1.21734,3.60441,209.3,0.0,0.0
BTC-26SEP25-30000-C,call,30000.0,2025-09-26,66328.5,65428.3275,65665.215,0.8,90.22,0.9953,0.0,-2.3153,8.33209,21.9,0.0,0.0
BTC-26SEP25-30000-P,put,30000.0,2025-09-26,85.2795,66.3285,94.755,77.71,81.27,-0.0047,0.0,-2.31535,8.33225,296.6,0.0,0.0
BTC-26SEP25-40000-C,call,40000.0,2025-09-26,52778.535,55810.695,56000.204999999994,63.56,74.03,0.98701,0.0,-4.99724,20.35695,5.6,0.0,0.0
BTC-26SEP25-40000-P,put,40000.0,2025-09-26,227.41199999999998,208.461,227.41199999999998,69.85,70.81,-0.01299,0.0,-4.99724,20.35695,288.4,0.0,0.0
BTC-26SEP25-50000-C,call,50000.0,2025-09-26,41265.8025,46287.8175,46524.705,58.64,64.8,0.97189,0.0,-8.42089,39.22847,31.0,0.0,0.0
BTC-26SEP25-50000-P,put,50000.0,2025-09-26,464.29949999999997,435.873,473.77500000000003,61.1,62.09,-0.02811,0.0,-8.42089,39.22847,376.9,1.0,463.34
BTC-26SEP25-55000-C,call,55000.0,2025-09-26,39275.947499999995,41597.445,41881.71,55.74,61.13,0.95884,0.0,-10.89,53.67439,10.2,0.0,0.0
BTC-26SEP25-55000-P,put,55000.0,2025-09-26,663.285,615.9075,710.6625,57.29,59.1,-0.04116,0.0,-10.89,53.67439,494.1,2.8,1843.39
BTC-26SEP25-60000-C,call,60000.0,2025-09-26,31553.415,37001.8275,37333.47,53.26,57.94,0.93951,0.0,-14.16398,72.95969,43.8,0.0,0.0
BTC-26SEP25-60000-P,put,60000.0,2025-09-26,994.9275,947.5500000000001,1042.3049999999998,55.05,56.38,-0.06049,0.0,-14.16398,72.95969,1013.4,1.3,1291.66
BTC-26SEP25-65000-C,call,65000.0,2025-09-26,27242.062499999996,32595.719999999998,32879.985,51.76,54.81,0.91316,0.0,-17.97192,96.24015,51.4,0.0,0.0
BTC-26SEP25-65000-P,put,65000.0,2025-09-26,1516.08,1421.325,1516.08,53.07,54.08,-0.08684,0.0,-17.97192,96.24015,550.1,0.1,150.48
BTC-26SEP25-70000-C,call,70000.0,2025-09-26,28379.122499999998,28379.122499999998,28663.3875,50.37,53.15,0.87858,1e-05,-22.15942,122.75806,455.5,0.0,0.0
BTC-26SEP25-70000-P,put,70000.0,2025-09-26,2226.7425,2084.6099999999997,2179.365,51.37,52.16,-0.12142,1e-05,-22.15942,122.75806,825.5,10.9,23962.15
BTC-26SEP25-75000-C,call,75000.0,2025-09-26,25157.452500000003,24446.79,24778.432500000003,49.45,51.69,0.8332,1e-05,-26.9854,152.14447,203.5,0.0,0.0
BTC-26SEP25-75000-P,put,75000.0,2025-09-26,3126.915,3079.5375,3174.2925,50.56,51.2,-0.1668,1e-05,-26.9854,152.14447,577.5,35.3,112401.08
BTC-26SEP25-80000-C,call,80000.0,2025-09-26,22220.047499999997,20893.4775,21177.7425,49.11,50.72,0.77978,1e-05,-31.51285,180.31421,1104.6,0.0,0.0
BTC-26SEP25-80000-P,put,80000.0,2025-09-26,4690.3725,4358.73,4453.485,49.76,50.3,-0.22022,1e-05,-31.51285,180.31421,1319.1,22.9,103156.13
BTC-26SEP25-85000-C,call,85000.0,2025-09-26,19661.6625,17719.185,18003.45,49.0,50.42,0.7192,1e-05,-35.60764,205.15281,515.3,0.0,0.0
BTC-26SEP25-85000-P,put,85000.0,2025-09-26,6206.4525,6064.32,6159.075,49.55,50.03,-0.28076,1e-05,-35.60632,205.1452,347.9,25.1,154779.04
BTC-26SEP25-90000-C,call,90000.0,2025-09-26,14639.6475,14971.29,15160.800000000001,49.21,50.08,0.65467,1e-05,-38.80895,224.32154,1283.8,15.1,227601.11
BTC-26SEP25-90000-P,put,90000.0,2025-09-26,8196.307499999999,8101.552500000001,8243.685,49.29,49.94,-0.34533,1e-05,-38.80895,224.32154,304.8,8.5,70009.83
BTC-26SEP25-95000-C,call,95000.0,2025-09-26,12270.772500000001,12555.0375,12697.17,49.34,49.95,0.58881,1e-05,-41.01606,236.76495,1089.0,14.4,180921.0
BTC-26SEP25-95000-P,put,95000.0,2025-09-26,10659.9375,10565.1825,10707.315,49.39,50.0,-0.41125,1e-05,-41.01552,236.76209,168.2,20.4,222781.88
BTC-26SEP25-100000-C,call,100000.0,2025-09-26,10517.805,10565.1825,10707.315,49.86,50.47,0.52467,1e-05,-42.31529,242.33087,2900.2,2.2,23914.43
BTC-26SEP25-100000-P,put,100000.0,2025-09-26,13834.23,13407.832499999999,13597.342499999999,49.7,50.5,-0.47533,1e-05,-42.31534,242.33117,340.9,0.8,10824.05
BTC-26SEP25-105000-C,call,105000.0,2025-09-26,8717.46,8859.5925,9001.725,50.3,50.9,0.46425,1e-05,-42.6001,241.82009,491.9,1.5,13920.81
BTC-26SEP25-105000-P,put,105000.0,2025-09-26,14781.78,16534.747499999998,16819.0125,49.93,51.13,-0.53575,1e-05,-42.6001,241.82009,179.4,0.0,0.0
BTC-26SEP25-110000-C,call,110000.0,2025-09-26,7438.2675,7438.2675,7580.400000000001,50.81,51.43,0.40876,1e-05,-42.07817,236.41755,747.5,3.0,22027.44
BTC-26SEP25-110000-P,put,110000.0,2025-09-26,20988.232500000002,19803.795,20277.57,49.59,51.65,-0.59125,1e-05,-42.07748,236.41347,27.3,0.0,0.0
BTC-26SEP25-115000-C,call,115000.0,2025-09-26,6159.075,6253.83,6395.962500000001,51.35,51.99,0.35862,1e-05,-40.90305,227.38407,729.6,3.7,23095.19
BTC-26SEP25-115000-P,put,115000.0,2025-09-26,23736.1275,23499.24,23973.015,50.07,52.21,-0.64138,1e-05,-40.90305,227.38407,6.2,0.0,0.0
BTC-26SEP25-120000-C,call,120000.0,2025-09-26,5306.28,5306.28,5401.035,52.07,52.52,0.31385,1e-05,-39.2427,215.85945,1394.9,15.5,82158.1
BTC-26SEP25-120000-P,put,120000.0,2025-09-26,28426.5,27384.195,27905.3475,50.49,52.97,-0.68615,1e-05,-39.2427,215.85945,144.1,0.0,0.0
BTC-26SEP25-125000-C,call,125000.0,2025-09-26,4453.485,4500.8625,4595.6175,52.71,53.18,0.27474,1e-05,-37.34387,202.97719,863.4,3.1,14055.52
BTC-26SEP25-125000-P,put,125000.0,2025-09-26,44582.2275,26341.890000000003,38991.682499999995,0.8,85.51,-0.72526,1e-05,-37.34387,202.97719,3.5,0.0,0.0
BTC-26SEP25-130000-C,call,130000.0,2025-09-26,3742.8225,3837.5775000000003,3932.3325,53.38,53.89,0.24061,1e-05,-35.28159,189.45862,580.4,2.8,10664.03
BTC-26SEP25-130000-P,put,130000.0,2025-09-26,56663.49,35248.86,36622.8075,49.11,56.61,-0.75939,1e-05,-35.28159,189.45862,37.4,0.0,0.0
BTC-26SEP25-140000-C,call,140000.0,2025-09-26,2747.895,2795.2725,2890.0275,54.52,55.11,0.18564,1e-05,-31.08578,162.79865,1609.2,1.5,4200.42
BTC-26SEP25-140000-P,put,140000.0,2025-09-26,60311.557499999995,43918.942500000005,45529.7775,49.03,59.33,-0.81436,1e-05,-31.08578,162.79865,12.8,0.0,0.0
BTC-26SEP25-150000-C,call,150000.0,2025-09-26,2179.365,2131.9874999999997,2226.7425,56.13,56.82,0.14606,1e-05,-27.39996,139.39135,946.4,25.1,55697.26
BTC-26SEP25-150000-P,put,150000.0,2025-09-26,74193.16500000001,52825.9125,54721.012500000004,47.62,62.23,-0.85394,1e-05,-27.39996,139.39135,8.0,0.0,0.0
BTC-26SEP25-160000-C,call,160000.0,2025-09-26,1705.59,1610.835,1705.59,57.26,58.08,0.11583,1e-05,-23.93729,118.73676,653.3,0.0,0.0
BTC-26SEP25-160000-P,put,160000.0,2025-09-26,85611.1425,62443.545000000006,63912.2475,51.02,63.92,-0.88417,1e-05,-23.9374,118.73772,8.3,0.0,0.0
BTC-26SEP25-170000-C,call,170000.0,2025-09-26,1610.835,1279.1924999999999,1373.9475,58.81,59.77,0.09298,0.0,-20.89891,101.24187,124.8,0.0,0.0
BTC-26SEP25-180000-C,call,180000.0,2025-09-26,1137.06,1042.3049999999998,1137.06,60.41,61.51,0.07694,0.0,-18.64145,87.84435,396.7,0.0,0.0
BTC-26SEP25-180000-P,put,180000.0,2025-09-26,102809.175,80873.3925,83100.135,0.8,70.83,-0.92306,0.0,-18.64145,87.84435,8.1,0.0,0.0
BTC-26SEP25-190000-C,call,190000.0,2025-09-26,1042.3049999999998,852.795,947.5500000000001,61.79,63.06,0.06375,0.0,-16.49757,76.01316,266.7,0.0,0.0
BTC-26SEP25-200000-C,call,200000.0,2025-09-26,710.6625,710.6625,758.04,63.17,63.91,0.05301,0.0,-14.54829,65.75765,1629.4,24.3,18340.34
BTC-26SEP25-210000-C,call,210000.0,2025-09-26,615.9075,568.53,663.285,63.92,65.61,0.04471,0.0,-12.94098,57.38974,185.9,4.0,2447.45
BTC-26SEP25-210000-P,put,210000.0,2025-09-26,0.0,9.4755,0.0,0.8,0.8,-0.95529,0.0,-12.94098,57.38974,0.0,0.0,0.0
BTC-26SEP25-220000-C,call,220000.0,2025-09-26,521.1524999999999,473.77500000000003,568.53,64.96,66.88,0.03804,0.0,-11.55537,50.3427,551.9,1.0,521.07
BTC-26SEP25-240000-C,call,240000.0,2025-09-26,435.873,360.069,397.971,67.51,68.5,0.02814,0.0,-9.30686,39.27032,354.2,0.0,0.0
BTC-26SEP25-260000-C,call,260000.0,2025-09-26,293.7405,284.265,293.7405,69.91,70.22,0.02138,0.0,-7.60204,31.18389,318.3,2.1,635.55
BTC-26SEP25-280000-C,call,280000.0,2025-09-26,236.88750000000002,227.41199999999998,236.88750000000002,72.01,72.39,0.01697,0.0,-6.42545,25.61829,947.9,10.6,2608.68
BTC-26SEP25-280000-P,put,280000.0,2025-09-26,0.0,94.755,0.0,0.8,0.8,-0.98303,0.0,-6.42545,25.61829,0.0,0.0,0.0
BTC-26SEP25-300000-C,call,300000.0,2025-09-26,217.9365,208.461,227.41199999999998,74.99,75.8,0.01572,0.0,-6.30111,23.99997,1352.9,13.0,2893.04
BTC-26SEP25-400000-C,call,400000.0,2025-09-26,85.2795,75.804,113.70599999999999,81.05,84.43,0.00686,0.0,-3.36528,11.65417,307.2,1.0,84.41
BTC-26DEC25-20000-C,call,20000.0,2025-12-26,73719.39,75519.735,75709.24500000001,0.8,91.27,0.99684,0.0,-1.34326,7.58613,12.9,0.0,0.0
BTC-26DEC25-20000-P,put,20000.0,2025-12-26,75.804,56.852999999999994,94.755,80.44,85.64,-0.00316,0.0,-1.34326,7.58615,227.1,15.5,1136.2
BTC-26DEC25-30000-C,call,30000.0,2025-12-26,63438.472499999996,66044.235,66281.1225,63.65,77.2,0.99056,0.0,-3.0862,20.05729,15.2,0.0,0.0
BTC-26DEC25-30000-P,put,30000.0,2025-12-26,246.363,180.0345,246.363,70.44,73.88,-0.00944,0.0,-3.0862,20.05729,127.3,0.0,0.0
BTC-26DEC25-40000-C,call,40000.0,2025-12-26,52304.76,56710.8675,56995.1325,60.6,67.72,0.97776,0.0,-5.74969,41.92111,1.0,0.0,0.0
BTC-26DEC25-40000-P,put,40000.0,2025-12-26,521.1524999999999,464.29949999999997,521.1524999999999,63.72,65.13,-0.02224,0.0,-5.74967,41.92105,541.4,0.0,0.0
BTC-26DEC25-50000-C,call,50000.0,2025-12-26,48893.58,47614.3875,47946.03,56.19,60.72,0.95326,0.0,-9.70399,77.32251,10.6,0.0,0.0
BTC-26DEC25-50000-P,put,50000.0,2025-12-26,1042.3049999999998,994.9275,1089.6825,58.21,59.48,-0.04674,0.0,-9.70399,77.32251,1360.2,0.2,208.76
BTC-26DEC25-60000-C,call,60000.0,2025-12-26,34775.085,38944.305,39323.325,52.53,55.71,0.91256,0.0,-14.6337,125.76451,4.7,0.0,0.0
BTC-26DEC25-60000-P,put,60000.0,2025-12-26,2037.2324999999998,1989.855,2084.6099999999997,54.3,55.08,-0.08744,0.0,-14.63374,125.7648,697.7,3.1,6397.59
BTC-26DEC25-65000-C,call,65000.0,2025-12-26,36385.92,34917.2175,35296.2375,51.54,54.11,0.88333,0.0,-17.62657,155.17216,0.9,0.0,0.0
BTC-26DEC25-65000-P,put,65000.0,2025-12-26,2890.0275,2795.2725,2890.0275,53.18,53.81,-0.11667,0.0,-17.62657,155.17216,2161.6,6.8,19588.62
BTC-26DEC25-70000-C,call,70000.0,2025-12-26,31742.925000000003,31174.395,31553.415,51.05,53.18,0.84852,1e-05,-20.68713,185.714,13.5,0.0,0.0
BTC-26DEC25-70000-P,put,70000.0,2025-12-26,3979.71,3790.2000000000003,3884.9550000000004,52.07,52.6,-0.15148,1e-05,-20.68713,185.714,933.1,6.2,24150.91
BTC-26DEC25-75000-C,call,75000.0,2025-12-26,28236.989999999998,27668.46,28047.48,50.55,52.38,0.80818,1e-05,-23.752,215.99473,28.9,0.0,0.0
BTC-26DEC25-75000-P,put,75000.0,2025-12-26,4974.6375,5069.3925,5211.525,51.34,52.03,-0.19182,1e-05,-23.752,215.99473,476.5,0.1,499.73
BTC-26DEC25-80000-C,call,80000.0,2025-12-26,24825.81,24494.1675,24873.1875,50.38,52.0,0.76336,1e-05,-26.66371,244.10397,450.6,5.0,125093.49
BTC-26DEC25-80000-P,put,80000.0,2025-12-26,7106.625,6680.227499999999,6822.36,51.03,51.63,-0.23664,1e-05,-26.66365,244.10338,1316.8,2.5,17471.03
BTC-26DEC25-85000-C,call,85000.0,2025-12-26,22314.802499999998,21651.5175,21983.16,50.45,51.74,0.71573,1e-05,-29.18881,268.31985,143.9,0.0,0.0
BTC-26DEC25-85000-P,put,85000.0,2025-12-26,9143.8575,8575.3275,8717.46,50.79,51.34,-0.28427,1e-05,-29.18881,268.31985,871.9,2.0,18077.04
BTC-26DEC25-90000-C,call,90000.0,2025-12-26,18856.245000000003,19140.510000000002,19330.02,50.71,51.4,0.66658,1e-05,-31.28364,287.74912,1137.5,1.2,22655.92
BTC-26DEC25-90000-P,put,90000.0,2025-12-26,10944.202500000001,10802.07,10944.202500000001,50.81,51.32,-0.33342,1e-05,-31.28364,287.74912,314.0,1.0,10918.25
BTC-26DEC25-95000-C,call,95000.0,2025-12-26,16582.125,16866.39,17055.899999999998,50.86,51.51,0.61731,1e-05,-32.88068,301.9387,843.4,5.1,89382.49
BTC-26DEC25-95000-P,put,95000.0,2025-12-26,13739.474999999999,13265.7,13455.21,50.74,51.39,-0.38269,1e-05,-32.88068,301.9387,670.6,8.2,108880.43
BTC-26DEC25-100000-C,call,100000.0,2025-12-26,14923.9125,14876.535,15018.6675,51.13,51.61,0.56915,1e-05,-34.01284,310.93213,1581.5,18.7,272888.01
BTC-26DEC25-100000-P,put,100000.0,2025-12-26,16534.747499999998,16013.595000000001,16297.859999999999,50.81,51.76,-0.43084,1e-05,-34.01284,310.93228,128.7,0.6,9887.44
BTC-26DEC25-105000-C,call,105000.0,2025-12-26,13739.474999999999,13076.19,13265.7,51.26,51.89,0.52304,1e-05,-34.68663,315.1604,258.7,2.0,27731.28
BTC-26DEC25-105000-P,put,105000.0,2025-12-26,17387.5425,19045.755,19377.3975,51.05,52.15,-0.47696,1e-05,-34.68663,315.1604,13.4,0.0,0.0
BTC-26DEC25-110000-C,call,110000.0,2025-12-26,11370.6,11560.11,11749.62,51.64,52.27,0.4793,1e-05,-34.90043,315.26205,207.7,10.5,123664.59
BTC-26DEC25-110000-P,put,110000.0,2025-12-26,32311.455,22314.802499999998,22646.445,51.39,52.48,-0.5207,1e-05,-34.90043,315.26205,75.3,0.0,0.0
BTC-26DEC25-115000-C,call,115000.0,2025-12-26,11181.09,10233.539999999999,10423.05,52.03,52.67,0.43864,1e-05,-34.79122,311.94575,139.0,0.0,0.0
BTC-26DEC25-115000-P,put,115000.0,2025-12-26,26436.645000000004,25583.850000000002,26152.38,51.09,52.99,-0.56136,1e-05,-34.79122,311.94575,11.5,0.0,0.0
BTC-26DEC25-120000-C,call,120000.0,2025-12-26,9238.612500000001,9049.1025,9285.99,52.35,53.15,0.40121,1e-05,-34.41257,305.95456,1087.8,22.6,204698.14
BTC-26DEC25-120000-P,put,120000.0,2025-12-26,40886.7825,29184.54,29800.4475,51.33,53.43,-0.59879,1e-05,-34.41257,305.95456,142.1,0.0,0.0
BTC-26DEC25-125000-C,call,125000.0,2025-12-26,7912.0425000000005,8101.552500000001,8243.685,52.97,53.47,0.36669,1e-05,-33.77285,297.89031,1205.5,2.3,19454.37
BTC-26DEC25-125000-P,put,125000.0,2025-12-26,43018.770000000004,32927.362499999996,33638.025,51.54,54.03,-0.63332,1e-05,-33.77225,297.88499,1.7,0.0,0.0
BTC-26DEC25-130000-C,call,130000.0,2025-12-26,7675.155000000001,7201.38,7343.5125,53.32,53.83,0.33485,1e-05,-32.91062,288.23269,552.0,0.2,1550.31
BTC-26DEC25-130000-P,put,130000.0,2025-12-26,37475.6025,36859.695,37570.3575,51.96,54.54,-0.66516,1e-05,-32.91005,288.22746,16.3,0.0,0.0
BTC-26DEC25-140000-C,call,140000.0,2025-12-26,5874.81,5780.055,5922.1875,54.25,54.8,0.28038,1e-05,-30.95804,266.54349,880.3,11.0,68500.81
BTC-26DEC25-140000-P,put,140000.0,2025-12-26,60169.425,44724.36,46193.0625,51.51,57.26,-0.71962,1e-05,-30.95804,266.54349,106.8,0.0,0.0
BTC-26DEC25-150000-C,call,150000.0,2025-12-26,4785.1275000000005,4690.3725,4832.505,55.16,55.77,0.23573,1e-05,-28.76849,243.58198,547.7,1.1,5251.2
BTC-26DEC25-150000-P,put,150000.0,2025-12-26,53820.84,47330.1225,62775.1875,0.8,87.83,-0.76427,1e-05,-28.76856,243.58263,5.2,0.0,0.0
BTC-26DEC25-160000-C,call,160000.0,2025-12-26,4169.219999999999,3837.5775000000003,3932.3325,56.02,56.47,0.1989,1e-05,-26.47835,220.79795,475.6,0.5,2105.65
BTC-26DEC25-160000-P,put,160000.0,2025-12-26,87364.11,0.0,71682.1575,0.8,90.78,-0.8011,1e-05,-26.47843,220.79859,101.0,0.0,0.0
BTC-26DEC25-170000-C,call,170000.0,2025-12-26,3600.69,3174.2925,3269.0475,56.87,57.36,0.16912,1e-05,-24.31145,199.57273,1661.5,0.0,0.0
BTC-26DEC25-180000-C,call,180000.0,2025-12-26,2747.895,2653.14,2795.2725,57.71,58.53,0.14538,0.0,-22.38628,180.67408,1521.6,1.0,2734.19
BTC-26DEC25-190000-C,call,190000.0,2025-12-26,2226.7425,2274.12,2368.875,58.75,59.36,0.12566,0.0,-20.57523,163.49423,179.5,0.7,1560.65
BTC-26DEC25-200000-C,call,200000.0,2025-12-26,1989.855,1942.4775000000002,2084.6099999999997,59.58,60.57,0.11011,0.0,-19.06339,148.89527,622.8,1.5,3035.54
BTC-26DEC25-210000-C,call,210000.0,2025-12-26,1989.855,1705.59,1847.7225,60.64,61.72,0.09769,0.0,-17.79678,136.51433,114.4,0.0,0.0
BTC-26DEC25-220000-C,call,220000.0,2025-12-26,1752.9675,1468.7025,1610.835,61.3,62.5,0.08573,0.0,-16.34834,123.9237,122.4,0.0,0.0
BTC-26DEC25-230000-C,call,230000.0,2025-12-26,1610.835,1326.57,1421.325,62.45,63.32,0.0771,0.0,-15.34411,114.39316,133.0,0.0,0.0
BTC-26DEC25-240000-C,call,240000.0,2025-12-26,1373.9475,1137.06,1279.1924999999999,62.85,64.27,0.06819,0.0,-14.10542,104.12419,136.7,0.0,0.0
BTC-26DEC25-260000-C,call,260000.0,2025-12-26,1042.3049999999998,900.1725,1042.3049999999998,64.28,65.95,0.05536,0.0,-12.27948,88.48232,148.6,0.0,0.0
BTC-26DEC25-280000-C,call,280000.0,2025-12-26,994.9275,758.04,900.1725,66.05,67.95,0.04617,0.0,-10.88418,76.56692,62.3,0.0,0.0
BTC-26DEC25-280000-P,put,280000.0,2025-12-26,0.0,9.4755,0.0,0.8,0.8,-0.95383,0.0,-10.88418,76.56692,0.0,0.0,0.0
BTC-26DEC25-300000-C,call,300000.0,2025-12-26,758.04,615.9075,758.04,67.16,69.36,0.0387,0.0,-9.62489,66.37659,217.0,0.0,0.0
BTC-26DEC25-320000-C,call,320000.0,2025-12-26,568.53,521.1524999999999,615.9075,68.46,70.15,0.03238,0.0,-8.44619,57.3513,73.7,10.5,5905.18
BTC-26DEC25-340000-C,call,340000.0,2025-12-26,521.1524999999999,473.77500000000003,521.1524999999999,70.25,71.19,0.02773,0.0,-7.55208,50.43984,185.8,0.0,0.0
BTC-26DEC25-400000-C,call,400000.0,2025-12-26,350.5935,312.6915,350.5935,73.34,74.4,0.01861,0.0,-5.64113,36.04255,259.0,1.4,475.9
BTC-27MAR26-20000-C,call,20000.0,2026-03-27,0.0,75898.755,76040.8875,65.73,80.12,0.99563,0.0,-1.40511,12.14366,0.0,0.0,0.0
BTC-27MAR26-20000-P,put,20000.0,2026-03-27,94.755,85.2795,151.608,72.43,78.2,-0.00437,0.0,-1.40513,12.14381,42.7,0.0,0.0
BTC-27MAR26-30000-C,call,30000.0,2026-03-27,0.0,66660.1425,66897.03,63.47,71.19,0.98712,0.0,-3.2261,31.46377,0.0,0.0,0.0
BTC-27MAR26-30000-P,put,30000.0,2026-03-27,360.069,293.7405,379.02,65.33,68.2,-0.01288,0.0,-3.2261,31.46377,18.9,0.0,0.0
BTC-27MAR26-40000-C,call,40000.0,2026-03-27,0.0,57611.04,57942.6825,58.53,63.96,0.97038,0.0,-5.96451,63.78313,0.0,0.0,0.0
BTC-27MAR26-40000-P,put,40000.0,2026-03-27,758.04,710.6625,852.795,59.74,62.1,-0.02962,0.0,-5.96434,63.78126,116.4,0.0,0.0
BTC-27MAR26-50000-C,call,50000.0,2026-03-27,43634.677500000005,48893.58,49367.355,54.54,59.06,0.9418,0.0,-9.57548,110.18378,1.1,0.0,0.0
BTC-27MAR26-50000-P,put,50000.0,2026-03-27,1610.835,1516.08,1658.2125,55.98,57.34,-0.0582,0.0,-9.57548,110.18378,153.3,0.9,1366.34
BTC-27MAR26-60000-C,call,60000.0,2026-03-27,41407.935,40839.405,41360.5575,52.48,55.71,0.89579,0.0,-14.29797,171.31025,3.1,0.0,0.0
BTC-27MAR26-60000-P,put,60000.0,2026-03-27,2937.405,3032.16,3079.5375,54.16,54.46,-0.10421,0.0,-14.29801,171.31097,60.7,0.5,1458.97
BTC-27MAR26-65000-C,call,65000.0,2026-03-27,32121.945000000003,37143.96,37665.1125,51.92,54.63,0.86792,0.0,-16.50401,202.60819,1.9,0.0,0.0
BTC-27MAR26-65000-P,put,65000.0,2026-03-27,4169.219999999999,3884.9550000000004,4121.8425,52.41,53.65,-0.13208,0.0,-16.50393,202.60727,34.8,3.8,15662.62
BTC-27MAR26-70000-C,call,70000.0,2026-03-27,30653.2425,33685.4025,34206.555,51.51,53.85,0.83509,1e-05,-18.91229,235.06128,3.7,0.0,0.0
BTC-27MAR26-70000-P,put,70000.0,2026-03-27,5306.28,5116.7699999999995,5353.6575,51.78,52.85,-0.16491,1e-05,-18.91229,235.06128,33.3,0.9,4767.25
BTC-27MAR26-75000-C,call,75000.0,2026-03-27,31269.15,30463.732500000002,30984.885000000002,51.18,53.25,0.79894,1e-05,-21.23062,266.04594,9.2,0.0,0.0
BTC-27MAR26-75000-P,put,75000.0,2026-03-27,6632.85,6632.85,6869.737499999999,51.47,52.41,-0.20106,1e-05,-21.23056,266.04525,51.8,10.2,67996.22
BTC-27MAR26-80000-C,call,80000.0,2026-03-27,27715.837499999998,27526.3275,28000.102499999997,51.06,52.76,0.76033,1e-05,-23.37051,294.2662,27.6,0.2,5541.16
BTC-27MAR26-80000-P,put,80000.0,2026-03-27,8527.949999999999,8385.8175,8622.705,51.21,52.06,-0.23967,1e-05,-23.37047,294.26571,79.7,10.7,91286.55
BTC-27MAR26-85000-C,call,85000.0,2026-03-27,25157.452500000003,24873.1875,25299.585000000003,51.11,52.53,0.72022,1e-05,-25.24224,318.75758,26.7,2.0,49817.27
BTC-27MAR26-85000-P,put,85000.0,2026-03-27,10707.315,10375.6725,10659.9375,50.98,51.93,-0.27978,1e-05,-25.24225,318.75781,109.0,5.1,54473.83
BTC-27MAR26-90000-C,call,90000.0,2026-03-27,22551.69,22456.934999999998,22693.8225,51.19,51.93,0.67943,1e-05,-26.85615,339.01096,70.7,0.1,2252.07
BTC-27MAR26-90000-P,put,90000.0,2026-03-27,13123.567500000001,12697.17,12981.435000000001,51.11,52.0,-0.32057,1e-05,-26.85615,339.01096,30.3,3.1,39209.81
BTC-27MAR26-95000-C,call,95000.0,2026-03-27,20277.57,20230.1925,20514.4575,51.18,52.02,0.63883,1e-05,-28.1507,354.79335,76.6,1.1,22221.98
BTC-27MAR26-95000-P,put,95000.0,2026-03-27,15208.1775,15208.1775,15539.820000000002,51.15,52.14,-0.36117,1e-05,-28.15063,354.79363,611.3,0.0,0.0
BTC-27MAR26-100000-C,call,100000.0,2026-03-27,18287.715,18287.715,18524.6025,51.4,52.08,0.59902,1e-05,-29.13275,366.21169,1041.4,0.1,1819.57
BTC-27MAR26-100000-P,put,100000.0,2026-03-27,16819.0125,17908.695,18287.715,51.14,52.23,-0.40098,1e-05,-29.13275,366.21169,11.1,0.0,0.0
BTC-27MAR26-105000-C,call,105000.0,2026-03-27,18145.5825,16534.747499999998,16771.635,51.61,52.28,0.56057,1e-05,-29.83558,373.54898,15.6,0.0,0.0
BTC-27MAR26-105000-P,put,105000.0,2026-03-27,21414.63,20846.1,21367.252500000002,51.26,52.74,-0.43943,1e-05,-29.83558,373.54898,1.5,0.0,0.0
BTC-27MAR26-110000-C,call,110000.0,2026-03-27,15350.310000000001,14971.29,15208.1775,51.86,52.53,0.52381,1e-05,-30.27023,377.24065,120.3,2.1,31252.7
BTC-27MAR26-110000-P,put,110000.0,2026-03-27,24636.3,23973.015,24541.545000000002,51.42,53.02,-0.47619,1e-05,-30.27023,377.24065,2.4,0.0,0.0
BTC-27MAR26-115000-C,call,115000.0,2026-03-27,13502.5875,13597.342499999999,13786.852499999999,52.2,52.73,0.48904,1e-05,-30.48161,377.77105,3.8,2.0,26885.85
BTC-27MAR26-115000-P,put,115000.0,2026-03-27,0.0,27242.062499999996,27905.3475,51.53,53.39,-0.51096,1e-05,-30.48161,377.77105,0.0,0.0,0.0
BTC-27MAR26-120000-C,call,120000.0,2026-03-27,12318.15,12365.5275,12555.0375,52.52,53.06,0.45624,1e-05,-30.47688,375.63812,51.5,4.0,49129.87
BTC-27MAR26-120000-P,put,120000.0,2026-03-27,57042.509999999995,30179.4675,31790.3025,50.29,54.83,-0.54376,1e-05,-30.47689,375.63812,34.6,0.0,0.0
BTC-27MAR26-130000-C,call,130000.0,2026-03-27,10233.539999999999,10280.9175,10470.4275,53.19,53.74,0.39691,1e-05,-29.98161,365.22529,86.4,2.0,20323.12
BTC-27MAR26-130000-P,put,130000.0,2026-03-27,38849.549999999996,37712.490000000005,39133.814999999995,51.38,55.51,-0.60309,1e-05,-29.98161,365.22529,1.2,0.0,0.0
BTC-27MAR26-140000-C,call,140000.0,2026-03-27,8859.5925,8575.3275,8812.215,53.75,54.47,0.34571,1e-05,-29.02976,349.28733,73.8,0.2,1767.21
BTC-27MAR26-140000-P,put,140000.0,2026-03-27,50220.15,45103.38,47140.6125,50.77,56.96,-0.65429,1e-05,-29.02976,349.28733,1.3,0.0,0.0
BTC-27MAR26-150000-C,call,150000.0,2026-03-27,7390.89,7248.7575,7485.645,54.47,55.22,0.30215,1e-05,-27.82642,330.42713,44.1,3.0,22037.2
BTC-27MAR26-150000-P,put,150000.0,2026-03-27,51404.5875,53204.9325,55242.16499999999,51.23,57.79,-0.69785,1e-05,-27.82642,330.42713,1.0,0.0,0.0
BTC-27MAR26-160000-C,call,160000.0,2026-03-27,6490.717500000001,6159.075,6395.962500000001,55.11,55.92,0.26494,1e-05,-26.46026,310.24304,23.1,4.4,28507.69
BTC-27MAR26-160000-P,put,160000.0,2026-03-27,0.0,55336.92,72487.575,0.8,85.29,-0.73506,1e-05,-26.46026,310.24304,0.0,0.0,0.0
BTC-27MAR26-170000-C,call,170000.0,2026-03-27,5495.79,5306.28,5543.1675000000005,55.87,56.74,0.23365,1e-05,-25.08204,290.1749,10.7,1.2,6590.19
BTC-27MAR26-170000-P,put,170000.0,2026-03-27,70023.94499999999,61590.75,0.0,0.8,0.8,-0.76635,1e-05,-25.08204,290.1749,2.0,0.0,0.0
BTC-27MAR26-180000-C,call,180000.0,2026-03-27,4595.6175,4595.6175,4879.8825,56.57,57.68,0.20768,1e-05,-23.79032,271.22754,48.6,6.5,30068.72
BTC-27MAR26-190000-C,call,190000.0,2026-03-27,4027.0875,3979.71,4311.3525,57.13,58.51,0.18523,0.0,-22.49153,253.05405,51.4,0.2,801.44
BTC-27MAR26-200000-C,call,200000.0,2026-03-27,3553.3125,3505.935,3837.5775000000003,57.85,59.33,0.16592,0.0,-21.2383,235.99582,101.8,0.5,1764.61
BTC-27MAR26-220000-C,call,220000.0,2026-03-27,2795.2725,2795.2725,3079.5375,59.34,60.8,0.13532,0.0,-18.99793,206.00087,24.9,0.5,1396.81
BTC-27MAR26-240000-C,call,240000.0,2026-03-27,2368.875,2274.12,2558.3849999999998,60.71,62.36,0.11283,0.0,-17.13482,181.38719,32.2,0.1,236.84
BTC-27MAR26-260000-C,call,260000.0,2026-03-27,1752.9675,1895.1000000000001,2131.9874999999997,62.05,63.61,0.09525,0.0,-15.47551,160.4125,63.7,0.0,0.0
BTC-27MAR26-280000-C,call,280000.0,2026-03-27,1800.345,1563.4575,1847.7225,62.98,65.09,0.08156,0.0,-14.05772,142.89364,93.7,1.5,2425.76
BTC-27MAR26-300000-C,call,300000.0,2026-03-27,1326.57,1326.57,1563.4575,64.04,66.01,0.06982,0.0,-12.67583,126.92789,8.8,1.0,1321.26
